user_id,user_nick,first_seen,last_seen
0108916,츄이로,2025-08-26T13:00:00Z,2025-08-26T13:00:00Z
0o000o,아즈_AZ,2025-08-26T14:00:00Z,2025-08-26T14:00:00Z
1004tangs2,천사탕,2025-08-26T18:00:00Z,2025-08-26T18:00:00Z
100snoww,새히,2025-08-26T16:00:00Z,2025-08-26T16:00:00Z
11234qwert,유멩_,2025-08-26T15:00:00Z,2025-08-26T15:00:00Z
20120461,임주말,2025-08-26T21:00:00Z,2025-08-26T21:00:00Z
2059865,꿀빵지,2025-08-27T01:00:00Z,2025-08-27T01:00:00Z
282eyo,엘리시아,2025-08-26T13:00:00Z,2025-08-26T13:00:00Z
2nang2,이낭♥,2025-08-26T18:00:00Z,2025-08-26T18:00:00Z
50loing,오잉_OING,2025-08-26T19:00:00Z,2025-08-26T19:00:00Z
581607,적화람,2025-08-26T15:00:00Z,2025-08-26T15:00:00Z
59590423,♥아린,2025-08-26T16:00:00Z,2025-08-26T16:00:00Z
5wolindeyo,한오월,2025-08-26T12:00:00Z,2025-08-26T12:00:00Z
9haedo,9해도,2025-08-26T16:00:00Z,2025-08-26T16:00:00Z
9mogu9,모구구,2025-08-26T23:00:00Z,2025-08-26T23:00:00Z
9wang2,크앙희,2025-08-26T14:00:00Z,2025-08-26T14:00:00Z
a9268yqyf2p,유몽연,2025-08-26T20:00:00Z,2025-08-26T20:00:00Z
ajddbf,해따,2025-08-26T22:00:00Z,2025-08-26T22:00:00Z
akamekone,아카메_코네,2025-08-26T12:00:00Z,2025-08-26T12:00:00Z
allblack1019,새까망,2025-08-26T12:00:00Z,2025-08-26T12:00:00Z
allure282,리르♥,2025-08-26T15:00:00Z,2025-08-26T15:00:00Z
alstjr980314,히수레,2025-08-26T11:00:00Z,2025-08-26T11:00:00Z
amaiyk0105,아마이유키,2025-08-27T01:00:00Z,2025-08-27T01:00:00Z
amqjbnzbdkw,그리얌,2025-08-26T16:00:00Z,2025-08-26T16:00:00Z
angrydino,빡룡,2025-08-26T18:00:00Z,2025-08-26T18:00:00Z
angyoa5,앙요,2025-08-26T11:00:00Z,2025-08-26T11:00:00Z
aochfl,매초리,2025-08-26T12:00:00Z,2025-08-26T12:00:00Z
applelove234,실리아♬,2025-08-26T18:00:00Z,2025-08-26T18:00:00Z
aranyaang,아라냥,2025-08-26T21:00:00Z,2025-08-26T21:00:00Z
asdk0110,쏭아야,2025-08-26T17:00:00Z,2025-08-26T17:00:00Z
asefg123,정지제,2025-08-26T15:00:00Z,2025-08-26T15:00:00Z
azi1253,꽁아지♡,2025-08-27T01:00:00Z,2025-08-27T01:00:00Z
backsongorv,백송_,2025-08-26T14:00:00Z,2025-08-26T14:00:00Z
baekrang,백랑_,2025-08-26T17:00:00Z,2025-08-26T17:00:00Z
baeksoon2,파니_,2025-08-26T20:00:00Z,2025-08-26T20:00:00Z
bamsaena,밤새나,2025-08-26T12:00:00Z,2025-08-26T12:00:00Z
baru25,바루,2025-08-27T01:00:00Z,2025-08-27T01:00:00Z
bb0rii,멍보리¿,2025-08-26T19:00:00Z,2025-08-26T19:00:00Z
bboringirl,뽀린걸,2025-08-26T16:00:00Z,2025-08-26T16:00:00Z
bbua104,쁘아,2025-08-26T12:00:00Z,2025-08-26T12:00:00Z
bekuku,베쿠♬,2025-08-26T23:00:00Z,2025-08-26T23:00:00Z
bethmj,깅미잉,2025-08-26T11:00:00Z,2025-08-26T11:00:00Z
bkk0512,씽구,2025-08-26T14:00:00Z,2025-08-26T14:00:00Z
blackdambee,흑담비♥,2025-08-26T15:00:00Z,2025-08-26T15:00:00Z
bluejin0129,판다지오,2025-08-26T12:00:00Z,2025-08-26T12:00:00Z
bsd030,복순덕,2025-08-27T01:00:00Z,2025-08-27T01:00:00Z
bunnydesune,우사기당,2025-08-26T13:00:00Z,2025-08-26T13:00:00Z
bxroong,코로미♪,2025-08-26T17:00:00Z,2025-08-26T17:00:00Z
byulzan012,별잔아,2025-08-26T19:00:00Z,2025-08-26T19:00:00Z
canalfaan,canalfaan,2025-08-27T01:00:00Z,2025-08-27T01:00:00Z
caramel007,_카라멜,2025-08-26T22:00:00Z,2025-08-26T22:00:00Z
carrot99,하카츄,2025-08-26T19:00:00Z,2025-08-26T19:00:00Z
catmusic1016,샤치_ξ,2025-08-26T13:00:00Z,2025-08-26T13:00:00Z
cdzd1004,청둥찌덕,2025-08-26T15:00:00Z,2025-08-26T15:00:00Z
ch1yuu,마키아_,2025-08-26T13:00:00Z,2025-08-26T13:00:00Z
cha5678,SodaCoCoa,2025-08-26T11:00:00Z,2025-08-26T11:00:00Z
chachazr,챠챠ZR,2025-08-27T01:00:00Z,2025-08-27T01:00:00Z
chaenna02,챈나,2025-08-26T13:00:00Z,2025-08-26T13:00:00Z
chaerin730,윤채린,2025-08-26T12:00:00Z,2025-08-26T12:00:00Z
chahyuns2,차현ㆍ,2025-08-26T14:00:00Z,2025-08-26T14:00:00Z
chamingcha,차밍챠,2025-08-26T21:00:00Z,2025-08-26T21:00:00Z
chanddoz,김늘찬,2025-08-26T17:00:00Z,2025-08-26T17:00:00Z
chebi2,체비_,2025-08-26T17:00:00Z,2025-08-26T17:00:00Z
chiy0u,치유+,2025-08-26T11:00:00Z,2025-08-26T11:00:00Z
chogeumbi,초금비,2025-08-26T18:00:00Z,2025-08-26T18:00:00Z
choikang233,초이강,2025-08-26T17:00:00Z,2025-08-26T17:00:00Z
choisy200009,토랴몽,2025-08-26T15:00:00Z,2025-08-26T15:00:00Z
chomj919,민코__,2025-08-26T23:00:00Z,2025-08-26T23:00:00Z
chumechume,츄메,2025-08-26T16:00:00Z,2025-08-26T16:00:00Z
cjsdl5408,처니씨,2025-08-26T16:00:00Z,2025-08-26T16:00:00Z
cjsel9908,천이나ˇ,2025-08-26T13:00:00Z,2025-08-26T13:00:00Z
cjstkdbsl3,깡담비,2025-08-26T12:00:00Z,2025-08-26T12:00:00Z
ckqns0,_차분,2025-08-26T13:00:00Z,2025-08-26T13:00:00Z
cosmicaaarrr,아르르_,2025-08-26T17:00:00Z,2025-08-26T17:00:00Z
cotton1217,주르르,2025-08-26T13:00:00Z,2025-08-26T13:00:00Z
coukinener,코유키네네르,2025-08-26T17:00:00Z,2025-08-26T17:00:00Z
cyeong,혀니일세,2025-08-26T12:00:00Z,2025-08-26T12:00:00Z
daenggang,댕강,2025-08-26T19:00:00Z,2025-08-26T19:00:00Z
dalchesom,달체솜,2025-08-26T15:00:00Z,2025-08-26T15:00:00Z
dalpi1,달피,2025-08-26T16:00:00Z,2025-08-26T16:00:00Z
dalta20,달타!,2025-08-26T21:00:00Z,2025-08-26T21:00:00Z
damdam2,김담담,2025-08-26T13:00:00Z,2025-08-26T13:00:00Z
dandelion714,한건수,2025-08-26T17:00:00Z,2025-08-26T17:00:00Z
danhazzi,단하찌,2025-08-27T01:00:00Z,2025-08-27T01:00:00Z
danz59,단즈_,2025-08-26T16:00:00Z,2025-08-26T16:00:00Z
daol428,^초선^,2025-08-27T01:00:00Z,2025-08-27T01:00:00Z
day5712,해율♥,2025-08-26T15:00:00Z,2025-08-26T15:00:00Z
daystar0826,한샛별_,2025-08-26T14:00:00Z,2025-08-26T14:00:00Z
dbs705,렌디,2025-08-26T15:00:00Z,2025-08-26T15:00:00Z
ddorongs0422,또롱쓰,2025-08-27T01:00:00Z,2025-08-27T01:00:00Z
dduduji,두두지!,2025-08-26T11:00:00Z,2025-08-26T11:00:00Z
deliouswe,연솔이,2025-08-26T15:00:00Z,2025-08-26T15:00:00Z
delphi,델피:3,2025-08-26T11:00:00Z,2025-08-26T11:00:00Z
denebeu,데네브.,2025-08-26T11:00:00Z,2025-08-26T11:00:00Z
dila0107,박디라,2025-08-26T21:00:00Z,2025-08-26T21:00:00Z
dinggoolx3,딩굴♡,2025-08-27T01:00:00Z,2025-08-27T01:00:00Z
dkdb33,문리아,2025-08-26T15:00:00Z,2025-08-26T15:00:00Z
dlqh02,요거트..♥,2025-08-26T13:00:00Z,2025-08-26T13:00:00Z
dodi80,모디,2025-08-26T20:00:00Z,2025-08-26T20:00:00Z
dododi0005,도도디_,2025-08-26T17:00:00Z,2025-08-26T17:00:00Z
doheezzan,도히짠,2025-08-26T15:00:00Z,2025-08-26T15:00:00Z
dokg531,독쥐DOKG,2025-08-26T14:00:00Z,2025-08-26T14:00:00Z
donggeul2,호미밍,2025-08-26T16:00:00Z,2025-08-26T16:00:00Z
doraheee,도라희ㅀ,2025-08-26T14:00:00Z,2025-08-26T14:00:00Z
dotcha,돗챠,2025-08-26T12:00:00Z,2025-08-26T12:00:00Z
dovahkiin294,기록노예티로,2025-08-26T16:00:00Z,2025-08-26T16:00:00Z
dring14,홍닭,2025-08-26T18:00:00Z,2025-08-26T18:00:00Z
dsmelong,쁘밍,2025-08-26T14:00:00Z,2025-08-26T14:00:00Z
dtg1112,쥬노링,2025-08-26T11:00:00Z,2025-08-26T11:00:00Z
dubulang0901,두부랑_,2025-08-27T01:00:00Z,2025-08-27T01:00:00Z
duddh07,박찐빵,2025-08-26T16:00:00Z,2025-08-26T16:00:00Z
duddj4210,뚜우♡,2025-08-26T20:00:00Z,2025-08-26T20:00:00Z
dyddnr747,＂노이로제＂,2025-08-26T14:00:00Z,2025-08-26T14:00:00Z
ehdtlr0830,됴시기,2025-08-26T18:00:00Z,2025-08-26T18:00:00Z
ehehdldl,초아♬,2025-08-26T13:00:00Z,2025-08-26T13:00:00Z
elaco2,유딤채,2025-08-26T17:00:00Z,2025-08-26T17:00:00Z
elsiefresh,☆거대불곰☆,2025-08-26T14:00:00Z,2025-08-26T14:00:00Z
et0726,꼼모리,2025-08-26T11:00:00Z,2025-08-26T11:00:00Z
eum0101,이음+,2025-08-27T01:00:00Z,2025-08-27T01:00:00Z
eunsuchu,CHU리나쌤,2025-08-27T01:00:00Z,2025-08-27T01:00:00Z
eunyounglove,퀸례례♬,2025-08-26T18:00:00Z,2025-08-26T18:00:00Z
euro2u,이유로_,2025-08-26T12:00:00Z,2025-08-26T12:00:00Z
fgfg3668,버블제이,2025-08-26T14:00:00Z,2025-08-26T14:00:00Z
fjqmdnls,푸닝,2025-08-26T17:00:00Z,2025-08-26T17:00:00Z
flfkznak,이티드,2025-08-26T13:00:00Z,2025-08-26T13:00:00Z
flstkqmfl,쁘리쮸,2025-08-26T14:00:00Z,2025-08-26T14:00:00Z
fonetree,렉스___,2025-08-26T16:00:00Z,2025-08-26T16:00:00Z
g0dure,고두레,2025-08-26T12:00:00Z,2025-08-26T12:00:00Z
g0ldystar,묭땅,2025-08-26T15:00:00Z,2025-08-26T15:00:00Z
gak01081,최도비,2025-08-26T14:00:00Z,2025-08-26T14:00:00Z
gameasia,은휘린,2025-08-26T12:00:00Z,2025-08-26T12:00:00Z
gatgdf,쏭이♥,2025-08-26T15:00:00Z,2025-08-26T15:00:00Z
givemecs,미녕이데꼬깨,2025-08-26T14:00:00Z,2025-08-26T14:00:00Z
godolhi248,포도따,2025-08-27T01:00:00Z,2025-08-27T01:00:00Z
godzeze,송쿤,2025-08-26T15:00:00Z,2025-08-26T15:00:00Z
gofl2237,해리,2025-08-26T19:00:00Z,2025-08-26T19:00:00Z
gohozz6,고호.,2025-08-26T11:00:00Z,2025-08-26T11:00:00Z
gome0901,고미__,2025-08-26T11:00:00Z,2025-08-26T11:00:00Z
gorongx2,^고롱고롱^,2025-08-26T17:00:00Z,2025-08-26T17:00:00Z
gosummer,고여름_,2025-08-26T16:00:00Z,2025-08-26T16:00:00Z
goyamii,"고야미,",2025-08-26T17:00:00Z,2025-08-26T17:00:00Z
gurm01,김쁘피,2025-08-26T17:00:00Z,2025-08-26T17:00:00Z
gyoollock2,이귤락,2025-08-26T15:00:00Z,2025-08-26T15:00:00Z
h0d0d2yam,홍호돋,2025-08-26T14:00:00Z,2025-08-26T14:00:00Z
habee511,망야_,2025-08-26T15:00:00Z,2025-08-26T15:00:00Z
hacuma09,하쿠마,2025-08-26T11:00:00Z,2025-08-26T11:00:00Z
haeil621,해일_님,2025-08-26T19:00:00Z,2025-08-26T19:00:00Z
haeri001,리피피♥,2025-08-27T01:00:00Z,2025-08-27T01:00:00Z
haluna,유하루♥,2025-08-27T01:00:00Z,2025-08-27T01:00:00Z
hamssotta,햄쏘따,2025-08-26T19:00:00Z,2025-08-26T19:00:00Z
hanga125,아교햄,2025-08-26T15:00:00Z,2025-08-26T15:00:00Z
hani0320,차하나,2025-08-26T14:00:00Z,2025-08-26T14:00:00Z
hareu99,하르.,2025-08-26T17:00:00Z,2025-08-26T17:00:00Z
hasinyang,하시냥:,2025-08-26T14:00:00Z,2025-08-26T14:00:00Z
heda221112,헤다ㆍ,2025-08-26T18:00:00Z,2025-08-26T18:00:00Z
heeeejyu,백도아.,2025-08-26T20:00:00Z,2025-08-26T20:00:00Z
heeeyo0v0,헤에♪,2025-08-26T19:00:00Z,2025-08-26T19:00:00Z
hey092130,히루룽,2025-08-26T14:00:00Z,2025-08-26T14:00:00Z
hhr001234,어쩜냥이,2025-08-26T11:00:00Z,2025-08-26T11:00:00Z
hibby1004,너보링,2025-08-27T01:00:00Z,2025-08-27T01:00:00Z
hichume,히츠메,2025-08-26T14:00:00Z,2025-08-26T14:00:00Z
highfeel3391,곽상필0,2025-08-27T01:00:00Z,2025-08-27T01:00:00Z
hika12,두미_,2025-08-27T01:00:00Z,2025-08-27T01:00:00Z
hikicomoring,히키☆,2025-08-26T14:00:00Z,2025-08-26T14:00:00Z
himuru,히무루,2025-08-26T16:00:00Z,2025-08-26T16:00:00Z
hipiii,히피,2025-08-26T18:00:00Z,2025-08-26T18:00:00Z
hiryeo,히령♡,2025-08-26T17:00:00Z,2025-08-26T17:00:00Z
hololoolu,차투리,2025-08-26T17:00:00Z,2025-08-26T17:00:00Z
honeys2,니니♥♥♥,2025-08-26T20:00:00Z,2025-08-26T20:00:00Z
hongseolhee,홍설이@,2025-08-26T16:00:00Z,2025-08-26T16:00:00Z
hpwmn789,♡코스모,2025-08-27T01:00:00Z,2025-08-27T01:00:00Z
hunhunforce,푸피푸릉,2025-08-26T18:00:00Z,2025-08-26T18:00:00Z
huwa030,후와,2025-08-26T13:00:00Z,2025-08-26T13:00:00Z
hwanidayo,화니다요,2025-08-26T16:00:00Z,2025-08-26T16:00:00Z
hy5ly7hy1ly0,초짱,2025-08-26T14:00:00Z,2025-08-26T14:00:00Z
hye0328,망초♪,2025-08-26T16:00:00Z,2025-08-26T16:00:00Z
hyedal012,혜달,2025-08-26T11:00:00Z,2025-08-26T11:00:00Z
hyeonshy,서하연,2025-08-26T11:00:00Z,2025-08-26T11:00:00Z
ijs5010,설아콩,2025-08-26T21:00:00Z,2025-08-26T21:00:00Z
imganzino,히누히누,2025-08-26T18:00:00Z,2025-08-26T18:00:00Z
imha22,임하밍,2025-08-27T01:00:00Z,2025-08-27T01:00:00Z
imhanbily,한비。,2025-08-26T22:00:00Z,2025-08-26T22:00:00Z
imoi18,이모이_,2025-08-26T17:00:00Z,2025-08-26T17:00:00Z
imyeon06,뽐나연,2025-08-26T16:00:00Z,2025-08-26T16:00:00Z
insome0319,따린,2025-08-26T18:00:00Z,2025-08-26T18:00:00Z
irrilll,이릴_,2025-08-26T18:00:00Z,2025-08-26T18:00:00Z
isq1158,구월이_,2025-08-26T20:00:00Z,2025-08-26T20:00:00Z
iyvonnie44,_이보늬,2025-08-26T17:00:00Z,2025-08-26T17:00:00Z
j0kiwi,조키위,2025-08-26T12:00:00Z,2025-08-26T12:00:00Z
jaeyuks2,제복이_,2025-08-26T14:00:00Z,2025-08-26T14:00:00Z
jhpark9252,시케이,2025-08-26T16:00:00Z,2025-08-26T16:00:00Z
jhs00412,김뚜야_,2025-08-26T12:00:00Z,2025-08-26T12:00:00Z
jiand0502,지앤*,2025-08-26T18:00:00Z,2025-08-26T18:00:00Z
jingburger1,징버거☆,2025-08-26T13:00:00Z,2025-08-26T13:00:00Z
jintaese0i,진태서,2025-08-26T13:00:00Z,2025-08-26T13:00:00Z
jisnevtuber,지스네,2025-08-26T15:00:00Z,2025-08-26T15:00:00Z
jiwooaf,운청.,2025-08-26T14:00:00Z,2025-08-26T14:00:00Z
jjjhhh0034,세이호_,2025-08-26T19:00:00Z,2025-08-26T19:00:00Z
jjuppi1022,큐피에요,2025-08-26T17:00:00Z,2025-08-26T17:00:00Z
joaras2,조아라,2025-08-26T14:00:00Z,2025-08-26T14:00:00Z
joogodbsk12,냥숭,2025-08-26T19:00:00Z,2025-08-26T19:00:00Z
jty89045,.광츄.,2025-08-26T23:00:00Z,2025-08-26T23:00:00Z
juc21200,연하늘♪,2025-08-26T16:00:00Z,2025-08-26T16:00:00Z
juin0123,갈푸짱,2025-08-26T15:00:00Z,2025-08-26T15:00:00Z
jungdubu,정두영,2025-08-26T14:00:00Z,2025-08-26T14:00:00Z
k1baaa,채니☆,2025-08-27T01:00:00Z,2025-08-27T01:00:00Z
k4187421,슈니★,2025-08-27T01:00:00Z,2025-08-27T01:00:00Z
k757577,김루한,2025-08-26T11:00:00Z,2025-08-26T11:00:00Z
kaam0802,카아암,2025-08-27T01:00:00Z,2025-08-27T01:00:00Z
kakazzang,후룽카카,2025-08-27T01:00:00Z,2025-08-27T01:00:00Z
kangturtle,한세현_,2025-08-26T18:00:00Z,2025-08-26T18:00:00Z
katojjing,카토찡,2025-08-26T17:00:00Z,2025-08-26T17:00:00Z
kawa11az,아즈!,2025-08-26T14:00:00Z,2025-08-26T14:00:00Z
kbs9981,김병살,2025-08-26T11:00:00Z,2025-08-26T11:00:00Z
kdah4506,나는견다,2025-08-27T01:00:00Z,2025-08-27T01:00:00Z
kdhsflfjqm1,미링_,2025-08-26T19:00:00Z,2025-08-26T19:00:00Z
khaea218,강해아,2025-08-26T18:00:00Z,2025-08-26T18:00:00Z
kimdream2,김드림_,2025-08-26T12:00:00Z,2025-08-26T12:00:00Z
kimnikki,니끼,2025-08-26T11:00:00Z,2025-08-26T11:00:00Z
kimtalggy,킴딸기,2025-08-26T17:00:00Z,2025-08-26T17:00:00Z
kinge9885,래노♬,2025-08-26T17:00:00Z,2025-08-26T17:00:00Z
kirababy2,유키라,2025-08-26T15:00:00Z,2025-08-26T15:00:00Z
kiru5108,몽글씨,2025-08-27T01:00:00Z,2025-08-27T01:00:00Z
kiyozz11,키요_,2025-08-26T16:00:00Z,2025-08-26T16:00:00Z
kjh18220,최강후야,2025-08-26T20:00:00Z,2025-08-26T20:00:00Z
kjhh0029,카나시,2025-08-26T14:00:00Z,2025-08-26T14:00:00Z
kjkj4424,_해이_,2025-08-26T14:00:00Z,2025-08-26T14:00:00Z
kkontto0501,꼰또♡,2025-08-26T13:00:00Z,2025-08-26T13:00:00Z
kkumjjogi,쪽잉,2025-08-27T01:00:00Z,2025-08-27T01:00:00Z
kr3838,루키아_,2025-08-26T16:00:00Z,2025-08-26T16:00:00Z
kryuuki,크류키,2025-08-26T16:00:00Z,2025-08-26T16:00:00Z
ksk3058,하윤세,2025-08-26T15:00:00Z,2025-08-26T15:00:00Z
ktlaqls000,사자º,2025-08-26T14:00:00Z,2025-08-26T14:00:00Z
kuang2,망몽!,2025-08-26T14:00:00Z,2025-08-26T14:00:00Z
kumamyong,쿠마묭,2025-08-27T01:00:00Z,2025-08-27T01:00:00Z
kur0ch4t,쿠로샤,2025-08-26T14:00:00Z,2025-08-26T14:00:00Z
kuraishirie,리에짱,2025-08-26T11:00:00Z,2025-08-26T11:00:00Z
kururin,클하*,2025-08-26T14:00:00Z,2025-08-26T14:00:00Z
kyaang123,캬앙,2025-08-26T12:00:00Z,2025-08-26T12:00:00Z
kymakyma,키마,2025-08-26T11:00:00Z,2025-08-26T11:00:00Z
kyoko8022,쿄코_,2025-08-26T14:00:00Z,2025-08-26T14:00:00Z
lafraise13,딸기밈♥,2025-08-26T17:00:00Z,2025-08-26T17:00:00Z
larie1205,사일리스,2025-08-26T16:00:00Z,2025-08-26T16:00:00Z
layule,라율,2025-08-26T18:00:00Z,2025-08-26T18:00:00Z
leebom22,채리봄,2025-08-26T15:00:00Z,2025-08-26T15:00:00Z
leeyeda,이예다♡,2025-08-26T14:00:00Z,2025-08-26T14:00:00Z
libre1900,리브레ㆍ,2025-08-27T01:00:00Z,2025-08-27T01:00:00Z
liebe24,리베♡,2025-08-26T15:00:00Z,2025-08-26T15:00:00Z
likethis1125,도페,2025-08-26T12:00:00Z,2025-08-26T12:00:00Z
lilpa0309,릴파♬,2025-08-26T14:00:00Z,2025-08-26T14:00:00Z
limivlup,리미★,2025-08-26T13:00:00Z,2025-08-26T13:00:00Z
lina0108,유시노_리냐,2025-08-26T18:00:00Z,2025-08-26T18:00:00Z
linco00,린코♥,2025-08-26T19:00:00Z,2025-08-26T19:00:00Z
llangkko0429,랑코_,2025-08-26T17:00:00Z,2025-08-26T17:00:00Z
lllucen,루센_,2025-08-26T14:00:00Z,2025-08-26T14:00:00Z
lmh22516,코야파,2025-08-26T15:00:00Z,2025-08-26T15:00:00Z
locy1212,정푸푸,2025-08-26T16:00:00Z,2025-08-26T16:00:00Z
lomioeov,치치º^º,2025-08-26T16:00:00Z,2025-08-26T16:00:00Z
lonicera050,로니세라,2025-08-26T13:00:00Z,2025-08-26T13:00:00Z
loveya4860,하루아이,2025-08-26T11:00:00Z,2025-08-26T11:00:00Z
lowcu29,로큐,2025-08-26T14:00:00Z,2025-08-26T14:00:00Z
lugar0315,루가르,2025-08-26T11:00:00Z,2025-08-26T11:00:00Z
m0gu59,모구,2025-08-27T01:00:00Z,2025-08-27T01:00:00Z
mak0ng,김마꽁,2025-08-26T14:00:00Z,2025-08-26T14:00:00Z
maluckitty,마냥_,2025-08-26T20:00:00Z,2025-08-26T20:00:00Z
maneku14,만애쿠,2025-08-26T13:00:00Z,2025-08-26T13:00:00Z
mangto314,맹토,2025-08-26T15:00:00Z,2025-08-26T15:00:00Z
manheee,만히_,2025-08-26T22:00:00Z,2025-08-26T22:00:00Z
manlebreadtv,_마늘빵_,2025-08-26T21:00:00Z,2025-08-26T21:00:00Z
maribyeol,마리별_,2025-08-26T15:00:00Z,2025-08-26T15:00:00Z
marihema,마리히,2025-08-26T11:00:00Z,2025-08-26T11:00:00Z
mattomaro,마또,2025-08-26T18:00:00Z,2025-08-26T18:00:00Z
maumou,마우먀우,2025-08-26T11:00:00Z,2025-08-26T11:00:00Z
mawang0216,마왕0216,2025-08-27T01:00:00Z,2025-08-27T01:00:00Z
mayozzang,마요네즈♡,2025-08-26T17:00:00Z,2025-08-26T17:00:00Z
mazet0201,마젯,2025-08-26T15:00:00Z,2025-08-26T15:00:00Z
melllody,쌈무녀:D,2025-08-26T17:00:00Z,2025-08-26T17:00:00Z
melloon63,멜로온_,2025-08-26T20:00:00Z,2025-08-26T20:00:00Z
melodycandy,신유나_,2025-08-26T17:00:00Z,2025-08-26T17:00:00Z
mgoldle,마금래,2025-08-26T14:00:00Z,2025-08-26T14:00:00Z
mihui96,슘,2025-08-26T14:00:00Z,2025-08-26T14:00:00Z
mijjung,이름미정Mi,2025-08-27T01:00:00Z,2025-08-27T01:00:00Z
mikkeu929,서여린,2025-08-26T14:00:00Z,2025-08-26T14:00:00Z
ming1122ming,밍들래,2025-08-26T17:00:00Z,2025-08-26T17:00:00Z
mingkymya,이루희,2025-08-26T14:00:00Z,2025-08-26T14:00:00Z
miro314000,미로MiroM,2025-08-26T11:00:00Z,2025-08-26T11:00:00Z
miwoomiwoo,미우,2025-08-26T15:00:00Z,2025-08-26T15:00:00Z
miyao0o,_미야오,2025-08-26T12:00:00Z,2025-08-26T12:00:00Z
mong0519,모치,2025-08-26T15:00:00Z,2025-08-26T15:00:00Z
mongggee,박몽총,2025-08-26T23:00:00Z,2025-08-26T23:00:00Z
moon26,문이유,2025-08-26T17:00:00Z,2025-08-26T17:00:00Z
mooneun,유자몽ㆍ,2025-08-26T12:00:00Z,2025-08-26T12:00:00Z
morgan427,아뇨띠_,2025-08-27T01:00:00Z,2025-08-27T01:00:00Z
mrmrol,파덕이!,2025-08-26T14:00:00Z,2025-08-26T14:00:00Z
msple1006,듀어,2025-08-26T11:00:00Z,2025-08-26T11:00:00Z
muse0116,뮤즈_MUSE,2025-08-26T17:00:00Z,2025-08-26T17:00:00Z
myang0315,솜먕,2025-08-26T11:00:00Z,2025-08-26T11:00:00Z
myangmoong,김먕뭉,2025-08-26T16:00:00Z,2025-08-26T16:00:00Z
n4w4nr,연푸_,2025-08-26T23:00:00Z,2025-08-26T23:00:00Z
n82475,뮤히,2025-08-26T16:00:00Z,2025-08-26T16:00:00Z
nabombom,나봄_nabom,2025-08-26T15:00:00Z,2025-08-26T15:00:00Z
namdareum011,남다름_,2025-08-26T14:00:00Z,2025-08-26T14:00:00Z
nanamoon777,나나문,2025-08-26T12:00:00Z,2025-08-26T12:00:00Z
nariarto,미냐호,2025-08-26T22:00:00Z,2025-08-26T22:00:00Z
nclavis06,클라비스,2025-08-27T01:00:00Z,2025-08-27T01:00:00Z
ncook0823,현세리,2025-08-26T16:00:00Z,2025-08-26T16:00:00Z
ncute1311,함단디,2025-08-26T11:00:00Z,2025-08-26T11:00:00Z
ndbu0805,현주♥,2025-08-26T18:00:00Z,2025-08-26T18:00:00Z
nddangri123,땡그리V,2025-08-26T18:00:00Z,2025-08-26T18:00:00Z
ndeleahri,델리아리,2025-08-26T15:00:00Z,2025-08-26T15:00:00Z
neans2,낸내S2,2025-08-26T15:00:00Z,2025-08-26T15:00:00Z
neenee00,버니니_,2025-08-26T13:00:00Z,2025-08-26T13:00:00Z
neez0611,니즈__,2025-08-26T14:00:00Z,2025-08-26T14:00:00Z
newmayo,새마요,2025-08-26T13:00:00Z,2025-08-26T13:00:00Z
newnyangee,뉴냥이,2025-08-26T15:00:00Z,2025-08-26T15:00:00Z
nfortuneshi,샤이렌_EVE,2025-08-26T11:00:00Z,2025-08-26T11:00:00Z
nhaesi17,해시,2025-08-26T15:00:00Z,2025-08-26T15:00:00Z
niniming,니니밍,2025-08-26T20:00:00Z,2025-08-26T20:00:00Z
ninlet1261,조드_,2025-08-26T11:00:00Z,2025-08-26T11:00:00Z
njcy040628,하나비つ,2025-08-26T13:00:00Z,2025-08-26T13:00:00Z
nkknd300,까마귀_____,2025-08-26T12:00:00Z,2025-08-26T12:00:00Z
nlov555jij,삐요코,2025-08-26T19:00:00Z,2025-08-26T19:00:00Z
nmachuu060,김땃쥐060,2025-08-27T01:00:00Z,2025-08-27T01:00:00Z
nmela1212,달토끼멜라,2025-08-26T12:00:00Z,2025-08-26T12:00:00Z
nmuckeyjung,정머키,2025-08-27T01:00:00Z,2025-08-27T01:00:00Z
nnarenare001,나레나레,2025-08-26T20:00:00Z,2025-08-26T20:00:00Z
nnojoke486,장난하나_,2025-08-26T12:00:00Z,2025-08-26T12:00:00Z
nnunmwa1108,눈뫄,2025-08-26T16:00:00Z,2025-08-26T16:00:00Z
nnyzzi,나는야찌,2025-08-26T14:00:00Z,2025-08-26T14:00:00Z
nokcho999,_녹초,2025-08-26T12:00:00Z,2025-08-26T12:00:00Z
nosikdesu,노식이,2025-08-26T17:00:00Z,2025-08-26T17:00:00Z
nqwer5031,닼발,2025-08-26T11:00:00Z,2025-08-26T11:00:00Z
nrnjsaudwn94,IIDEN이든,2025-08-26T15:00:00Z,2025-08-26T15:00:00Z
nslah830,피치:3,2025-08-26T17:00:00Z,2025-08-26T17:00:00Z
nsmfqha2057,윤세아_,2025-08-26T15:00:00Z,2025-08-26T15:00:00Z
nunknown314,미현영♡,2025-08-26T17:00:00Z,2025-08-26T17:00:00Z
nwjddntjd119,고슴도치스톰,2025-08-26T16:00:00Z,2025-08-26T16:00:00Z
nyanggaring,냥가링,2025-08-26T16:00:00Z,2025-08-26T16:00:00Z
nyzzim1,카짱♥,2025-08-26T11:00:00Z,2025-08-26T11:00:00Z
o8o8o8o8o,뚱땅★,2025-08-26T14:00:00Z,2025-08-26T14:00:00Z
odoeun,쨈도은,2025-08-26T19:00:00Z,2025-08-26T19:00:00Z
ohoh255,유이담,2025-08-26T15:00:00Z,2025-08-26T15:00:00Z
omizuxoxo,오미주_,2025-08-26T18:00:00Z,2025-08-26T18:00:00Z
oneyoonseul,한윤슬:3,2025-08-26T11:00:00Z,2025-08-26T11:00:00Z
onmong,흐궁이,2025-08-26T16:00:00Z,2025-08-26T16:00:00Z
ooojoijo,성피아,2025-08-26T21:00:00Z,2025-08-26T21:00:00Z
ooonae,온네님,2025-08-27T01:00:00Z,2025-08-27T01:00:00Z
ouoovo59,하나모_,2025-08-26T14:00:00Z,2025-08-26T14:00:00Z
ous1122,이오군,2025-08-26T14:00:00Z,2025-08-26T14:00:00Z
pengqueeeen,펭퀸♡,2025-08-26T11:00:00Z,2025-08-26T11:00:00Z
peuhaha,프하_,2025-08-26T15:00:00Z,2025-08-26T15:00:00Z
pilrisya,필리샤,2025-08-27T01:00:00Z,2025-08-27T01:00:00Z
pinktape8,몽나_,2025-08-26T23:00:00Z,2025-08-26T23:00:00Z
poippoi52,희희덕,2025-08-26T16:00:00Z,2025-08-26T16:00:00Z
popo030,♥탱자♥,2025-08-26T18:00:00Z,2025-08-26T18:00:00Z
pring1798,김프링♪,2025-08-26T12:00:00Z,2025-08-26T12:00:00Z
publicnoye,공노,2025-08-26T16:00:00Z,2025-08-26T16:00:00Z
pudang0415,뿌당,2025-08-26T11:00:00Z,2025-08-26T11:00:00Z
puduri,푸두리_,2025-08-26T14:00:00Z,2025-08-26T14:00:00Z
pusyuhutsyu,삐-,2025-08-26T21:00:00Z,2025-08-26T21:00:00Z
puyo0805,뿌요,2025-08-26T12:00:00Z,2025-08-26T12:00:00Z
pyeondh303kr,편덕희,2025-08-26T16:00:00Z,2025-08-26T16:00:00Z
qrang513,큐랑,2025-08-26T16:00:00Z,2025-08-26T16:00:00Z
quaorv,쿠아♪,2025-08-26T17:00:00Z,2025-08-26T17:00:00Z
quokka1228,김쿼카_,2025-08-26T14:00:00Z,2025-08-26T14:00:00Z
qwhy1040,새콤♡,2025-08-26T14:00:00Z,2025-08-26T14:00:00Z
r1s1n9star,샛벼리,2025-08-26T17:00:00Z,2025-08-26T17:00:00Z
rabbit21,깡총총,2025-08-26T14:00:00Z,2025-08-26T14:00:00Z
ranpoa,란포아,2025-08-26T18:00:00Z,2025-08-26T18:00:00Z
ransss1,나브이,2025-08-26T15:00:00Z,2025-08-26T15:00:00Z
rapja2025,랩자RAPJA,2025-08-26T15:00:00Z,2025-08-26T15:00:00Z
razvlup,라즈ㆍ,2025-08-26T13:00:00Z,2025-08-26T13:00:00Z
reumdal,꾸름달,2025-08-26T15:00:00Z,2025-08-26T15:00:00Z
rhksrh68,흑월성_,2025-08-26T16:00:00Z,2025-08-26T16:00:00Z
ringbyul,도화εз,2025-08-26T14:00:00Z,2025-08-26T14:00:00Z
rintube,나린인데?,2025-08-26T11:00:00Z,2025-08-26T11:00:00Z
riori0626,이리오,2025-08-26T13:00:00Z,2025-08-26T13:00:00Z
rlatkfrrn,김살꾸,2025-08-26T16:00:00Z,2025-08-26T16:00:00Z
rmfkadl,그람이,2025-08-26T19:00:00Z,2025-08-26T19:00:00Z
rmlrl771,끠끼,2025-08-26T20:00:00Z,2025-08-26T20:00:00Z
rnfql22,김꿀비♬,2025-08-26T23:00:00Z,2025-08-26T23:00:00Z
rose0957,한세긴,2025-08-26T22:00:00Z,2025-08-26T22:00:00Z
rp1227,렌링,2025-08-26T19:00:00Z,2025-08-26T19:00:00Z
rsyzh0920,예지화,2025-08-26T17:00:00Z,2025-08-26T17:00:00Z
rudcjfdlz,VRC_니르쨩,2025-08-26T15:00:00Z,2025-08-26T15:00:00Z
ruerin821,백설화월,2025-08-26T15:00:00Z,2025-08-26T15:00:00Z
ruianne,민여울,2025-08-27T01:00:00Z,2025-08-27T01:00:00Z
ruielll,묘네,2025-08-26T11:00:00Z,2025-08-26T11:00:00Z
ruki02,류키∀,2025-08-26T16:00:00Z,2025-08-26T16:00:00Z
rum1021,치포,2025-08-27T01:00:00Z,2025-08-27T01:00:00Z
runna11,룬나_,2025-08-26T17:00:00Z,2025-08-26T17:00:00Z
rydwl0214,키젤_,2025-08-26T14:00:00Z,2025-08-26T14:00:00Z
ryuchaegyeon,류채경_,2025-08-27T01:00:00Z,2025-08-27T01:00:00Z
ryuena,류은아_,2025-08-26T12:00:00Z,2025-08-26T12:00:00Z
salgu030,개살구♥,2025-08-26T14:00:00Z,2025-08-26T14:00:00Z
sam4800,주예나_,2025-08-26T15:00:00Z,2025-08-26T15:00:00Z
sana0506,사니사나,2025-08-26T15:00:00Z,2025-08-26T15:00:00Z
sangchu541,천상츄,2025-08-26T20:00:00Z,2025-08-26T20:00:00Z
seecom2,류새콤,2025-08-26T13:00:00Z,2025-08-26T13:00:00Z
seharug,류새백,2025-08-26T13:00:00Z,2025-08-26T13:00:00Z
semixluna,세뮤링,2025-08-26T17:00:00Z,2025-08-26T17:00:00Z
seoring2,서링,2025-08-26T20:00:00Z,2025-08-26T20:00:00Z
seosia1010,서시아_,2025-08-26T13:00:00Z,2025-08-26T13:00:00Z
seoyicci,서이찌,2025-08-26T14:00:00Z,2025-08-26T14:00:00Z
seri1100,몽세리,2025-08-26T13:00:00Z,2025-08-26T13:00:00Z
sese119,세세,2025-08-26T17:00:00Z,2025-08-26T17:00:00Z
seuls2,슬한별,2025-08-26T19:00:00Z,2025-08-26T19:00:00Z
sh02050,백서향,2025-08-27T01:00:00Z,2025-08-27T01:00:00Z
shaaee,샤애_,2025-08-26T13:00:00Z,2025-08-26T13:00:00Z
shakii2love,샤키_,2025-08-26T18:00:00Z,2025-08-26T18:00:00Z
shandyhan,섄디한,2025-08-26T14:00:00Z,2025-08-26T14:00:00Z
sharkhina,상어히나,2025-08-26T16:00:00Z,2025-08-26T16:00:00Z
shuhin0817,슈힌,2025-08-26T23:00:00Z,2025-08-26T23:00:00Z
si88is,시괄,2025-08-26T17:00:00Z,2025-08-26T17:00:00Z
sick0402,갱이쁨,2025-08-26T15:00:00Z,2025-08-26T15:00:00Z
siki4012,시키ㆍ,2025-08-26T15:00:00Z,2025-08-26T15:00:00Z
sim222,포로미_,2025-08-27T01:00:00Z,2025-08-27T01:00:00Z
singgyul,띵귤_,2025-08-26T15:00:00Z,2025-08-26T15:00:00Z
sircharlee,찰리씨,2025-08-26T18:00:00Z,2025-08-26T18:00:00Z
sirohiru,시스네,2025-08-26T15:00:00Z,2025-08-26T15:00:00Z
sizueko,시즈애,2025-08-26T15:00:00Z,2025-08-26T15:00:00Z
sjsr4611,히라__,2025-08-26T15:00:00Z,2025-08-26T15:00:00Z
skwltn,봄지수_,2025-08-27T01:00:00Z,2025-08-27T01:00:00Z
sldrps96,지슛~,2025-08-26T12:00:00Z,2025-08-26T12:00:00Z
slvmdpdy,니프_,2025-08-26T16:00:00Z,2025-08-26T16:00:00Z
snoh2023,스노,2025-08-26T17:00:00Z,2025-08-26T17:00:00Z
somnnya,솜냐_,2025-08-26T11:00:00Z,2025-08-26T11:00:00Z
songhy,송현_,2025-08-26T13:00:00Z,2025-08-26T13:00:00Z
soondeoki,빅순덕,2025-08-26T17:00:00Z,2025-08-26T17:00:00Z
soyoung6056,빡쏘,2025-08-26T22:00:00Z,2025-08-26T22:00:00Z
spica21,서피카,2025-08-26T13:00:00Z,2025-08-26T13:00:00Z
star124,하밍,2025-08-26T21:00:00Z,2025-08-26T21:00:00Z
star52,이라★,2025-08-26T19:00:00Z,2025-08-26T19:00:00Z
sua0605,해령임둥,2025-08-26T15:00:00Z,2025-08-26T15:00:00Z
suddory2,수또리,2025-08-26T11:00:00Z,2025-08-26T11:00:00Z
sunuli,순우리_,2025-08-26T17:00:00Z,2025-08-26T17:00:00Z
sunwoo8915,네론′,2025-08-26T13:00:00Z,2025-08-26T13:00:00Z
swcmnb67,공도리-,2025-08-27T01:00:00Z,2025-08-27T01:00:00Z
swideh,스위데,2025-08-26T20:00:00Z,2025-08-26T20:00:00Z
syusyuang,슈슈슈앙,2025-08-26T16:00:00Z,2025-08-26T16:00:00Z
tachocho,타쵸쵸,2025-08-26T14:00:00Z,2025-08-26T14:00:00Z
tadis6997,만조_,2025-08-27T01:00:00Z,2025-08-27T01:00:00Z
teseda2,_티즈_,2025-08-26T11:00:00Z,2025-08-26T11:00:00Z
teupong,트퐁,2025-08-26T17:00:00Z,2025-08-26T17:00:00Z
thal1713,해레느,2025-08-26T12:00:00Z,2025-08-26T12:00:00Z
thdrbolt0622,벽력_,2025-08-26T15:00:00Z,2025-08-26T15:00:00Z
tinalove,레스티나♡,2025-08-26T11:00:00Z,2025-08-26T11:00:00Z
tinkerblond,더빙레이디♥,2025-08-26T17:00:00Z,2025-08-26T17:00:00Z
tirias,티리아스,2025-08-26T19:00:00Z,2025-08-26T19:00:00Z
tizl98,신쌤,2025-08-26T17:00:00Z,2025-08-26T17:00:00Z
tjdgns4268,네로쿤,2025-08-26T12:00:00Z,2025-08-26T12:00:00Z
tkdwlsdl432,김진상++,2025-08-26T15:00:00Z,2025-08-26T15:00:00Z
tkfkdgodufks,소연화,2025-08-26T13:00:00Z,2025-08-26T13:00:00Z
tldhssla0709,정시온,2025-08-26T21:00:00Z,2025-08-26T21:00:00Z
tleod1818,빙밍_,2025-08-26T18:00:00Z,2025-08-26T18:00:00Z
tmxk2410,마멍♣,2025-08-26T16:00:00Z,2025-08-26T16:00:00Z
tnqlsdlwlfhd,삐삐♪,2025-08-26T12:00:00Z,2025-08-26T12:00:00Z
top6373,란다_,2025-08-26T15:00:00Z,2025-08-26T15:00:00Z
toree0409,토뤼,2025-08-27T01:00:00Z,2025-08-27T01:00:00Z
tosmreo,빵혜_,2025-08-26T15:00:00Z,2025-08-26T15:00:00Z
tria030,트리아,2025-08-26T21:00:00Z,2025-08-26T21:00:00Z
tsuki0v0123,청명월_,2025-08-26T17:00:00Z,2025-08-26T17:00:00Z
udaang,임채리,2025-08-26T16:00:00Z,2025-08-26T16:00:00Z
uks4ma,욱4마,2025-08-26T11:00:00Z,2025-08-26T11:00:00Z
uleharaaki,양아키,2025-08-26T13:00:00Z,2025-08-26T13:00:00Z
unetrevir,레비르,2025-08-26T16:00:00Z,2025-08-26T16:00:00Z
unetzeron,제론__,2025-08-26T16:00:00Z,2025-08-26T16:00:00Z
uoip209,미요♭,2025-08-26T14:00:00Z,2025-08-26T14:00:00Z
usharko0o0,유샥크,2025-08-26T12:00:00Z,2025-08-26T12:00:00Z
usom01,유솜_,2025-08-26T15:00:00Z,2025-08-26T15:00:00Z
vella20,후찌マ,2025-08-26T19:00:00Z,2025-08-26T19:00:00Z
veryveny,베니_VENY,2025-08-26T15:00:00Z,2025-08-26T15:00:00Z
vhyun4,비현_Vhyun,2025-08-26T18:00:00Z,2025-08-26T18:00:00Z
vivi7023,어네뿅,2025-08-26T16:00:00Z,2025-08-26T16:00:00Z
vllagekanin,카닌ㆍ,2025-08-26T15:00:00Z,2025-08-26T15:00:00Z
vllageserah,세라ㆍ,2025-08-26T15:00:00Z,2025-08-26T15:00:00Z
vnuguria,너구리아,2025-08-26T14:00:00Z,2025-08-26T14:00:00Z
vrecordyunon,유논_YUNON,2025-08-26T13:00:00Z,2025-08-26T13:00:00Z
vsakabam700,김_사카,2025-08-26T12:00:00Z,2025-08-26T12:00:00Z
vveyyy,시라유리,2025-08-26T22:00:00Z,2025-08-26T22:00:00Z
w2rdoo,위도,2025-08-26T21:00:00Z,2025-08-26T21:00:00Z
w4ntyou,하솔。,2025-08-26T14:00:00Z,2025-08-26T14:00:00Z
wdh030,엣치쿠_,2025-08-26T15:00:00Z,2025-08-26T15:00:00Z
wggumteuli,왕꿈틀이__,2025-08-26T19:00:00Z,2025-08-26T19:00:00Z
whiteone325,난워니-_-+,2025-08-26T11:00:00Z,2025-08-26T11:00:00Z
whitesora,소라빛나,2025-08-26T15:00:00Z,2025-08-26T15:00:00Z
whitex,연요,2025-08-26T22:00:00Z,2025-08-26T22:00:00Z
wlrkrtoddmlv,홍세리,2025-08-26T13:00:00Z,2025-08-26T13:00:00Z
wlssud44,찐녕,2025-08-26T16:00:00Z,2025-08-26T16:00:00Z
wooldi,요요에요∀,2025-08-26T14:00:00Z,2025-08-26T14:00:00Z
xelloss21c,카르페디엠BS,2025-08-26T12:00:00Z,2025-08-26T12:00:00Z
xhvkwm1029,나탄토,2025-08-27T01:00:00Z,2025-08-27T01:00:00Z
ximong,시몽_,2025-08-26T18:00:00Z,2025-08-26T18:00:00Z
xovexyseoo,하나메_,2025-08-26T14:00:00Z,2025-08-26T14:00:00Z
xoxo721,나니닝!,2025-08-26T15:00:00Z,2025-08-26T15:00:00Z
xvb1100,여다봄,2025-08-26T15:00:00Z,2025-08-26T15:00:00Z
xxxkimmickey,#김미키,2025-08-26T12:00:00Z,2025-08-26T12:00:00Z
y2s161451,호아띠_,2025-08-26T11:00:00Z,2025-08-26T11:00:00Z
yamha46,얌하,2025-08-26T22:00:00Z,2025-08-26T22:00:00Z
yangdoki,양도끼,2025-08-26T11:00:00Z,2025-08-26T11:00:00Z
yanppi,얀삐_,2025-08-27T01:00:00Z,2025-08-27T01:00:00Z
yaom0728,야옴♥,2025-08-26T12:00:00Z,2025-08-26T12:00:00Z
yeda1224,예다.,2025-08-26T20:00:00Z,2025-08-26T20:00:00Z
yeibeowo,예이비,2025-08-26T16:00:00Z,2025-08-26T16:00:00Z
yejjyang,시예__,2025-08-26T18:00:00Z,2025-08-26T18:00:00Z
yejjyu3u,예쮸_,2025-08-26T15:00:00Z,2025-08-26T15:00:00Z
yeniouoyeni,예니_ouo,2025-08-26T18:00:00Z,2025-08-26T18:00:00Z
yeoil22,여일_,2025-08-26T15:00:00Z,2025-08-26T15:00:00Z
yeonew,눈묘,2025-08-26T15:00:00Z,2025-08-26T15:00:00Z
yeonwoonayng,우냥v,2025-08-26T14:00:00Z,2025-08-26T14:00:00Z
yjkim5500,조디악악악,2025-08-26T18:00:00Z,2025-08-26T18:00:00Z
yohan99,요한._.,2025-08-26T19:00:00Z,2025-08-26T19:00:00Z
yoma1515,요마왕__,2025-08-26T21:00:00Z,2025-08-26T21:00:00Z
yoon1tae,백우주,2025-08-26T17:00:00Z,2025-08-26T17:00:00Z
yoonjae0620,♥윤재,2025-08-26T18:00:00Z,2025-08-26T18:00:00Z
younamra,유남라,2025-08-26T19:00:00Z,2025-08-26T19:00:00Z
youxhh,미코!,2025-08-26T14:00:00Z,2025-08-26T14:00:00Z
yubami,유바미!,2025-08-26T14:00:00Z,2025-08-26T14:00:00Z
yudarlinn,유달린,2025-08-26T17:00:00Z,2025-08-26T17:00:00Z
yuhatty,유하띠,2025-08-26T17:00:00Z,2025-08-26T17:00:00Z
yumama,빵떡,2025-08-26T16:00:00Z,2025-08-26T16:00:00Z
yumeka89,쿠리_KURI,2025-08-26T15:00:00Z,2025-08-26T15:00:00Z
yune9024,운윤애24,2025-08-26T13:00:00Z,2025-08-26T13:00:00Z
yusojeong,아카리루나,2025-08-26T15:00:00Z,2025-08-26T15:00:00Z
zangmint,●마님●,2025-08-26T13:00:00Z,2025-08-26T13:00:00Z
zbxl7271,LoveNaNa,2025-08-26T16:00:00Z,2025-08-26T16:00:00Z
zbxm2015,도담히_,2025-08-26T17:00:00Z,2025-08-26T17:00:00Z
zk5742695,즈킁,2025-08-26T19:00:00Z,2025-08-26T19:00:00Z
zsilverkid94,작은애’,2025-08-26T18:00:00Z,2025-08-26T18:00:00Z
zuna1101,주나1101,2025-08-26T14:00:00Z,2025-08-26T14:00:00Z
zzeogoo,햄쩌구,2025-08-27T01:00:00Z,2025-08-27T01:00:00Z
zzimio3o,찌미♥,2025-08-27T01:00:00Z,2025-08-27T01:00:00Z
