category_no,category_name,2025-08-26T11:00:00Z,2025-08-26T12:00:00Z,2025-08-26T13:00:00Z,2025-08-26T14:00:00Z,2025-08-26T15:00:00Z,2025-08-26T16:00:00Z,2025-08-26T17:00:00Z,2025-08-26T18:00:00Z,2025-08-26T19:00:00Z,2025-08-26T20:00:00Z,2025-08-26T21:00:00Z,2025-08-26T22:00:00Z,2025-08-26T23:00:00Z,2025-08-27T01:00:00Z,2025-08-27T03:00:00Z,2025-08-27T04:00:00Z,2025-08-27T05:00:00Z,2025-08-27T06:00:00Z,2025-08-27T07:00:00Z,2025-08-27T08:00:00Z,2025-08-27T09:00:00Z,2025-08-27T10:00:00Z,2025-08-27T11:00:00Z
00020006,뷰티,0,0,0,0,0,0,0,0,0,0,0,0,0,0,0,4,8,4,6,0,0,0,0
00020007,취미,293,1543,2437,2706,2536,2258,1954,597,849,735,54,78,63,254,413,476,579,622,458,573,561,269,402
00020009,미술,63,84,313,464,504,449,363,312,293,269,297,39,24,65,103,150,153,171,161,151,155,149,155
00020011,운세,69,121,148,155,166,108,59,35,35,16,19,9,8,24,48,40,46,45,37,24,21,51,48
00020012,숲토어,0,0,0,0,0,0,0,0,0,0,0,0,0,0,0,0,0,0,0,0,0,0,0
00030001,음악 라이브,5138,4688,4159,3601,3220,2997,2408,1670,1526,168,146,143,82,137,278,708,903,1612,1652,1538,1262,1065,877
00030002,음악 스트리밍,1361,1266,1191,1026,866,825,789,748,741,750,811,1015,1227,1572,1625,1719,1791,1829,1825,1713,1616,1478,1382
00030003,노래방,1,11,6,4139,4408,3668,3120,0,0,2,0,0,0,2,0,2,9,8,0,0,1,0,0
00030005,X2,0,0,0,0,0,0,0,0,0,0,0,0,0,0,0,0,0,0,0,0,0,0,0
00040001,스타크래프트,67679,42660,27345,28341,20607,17641,11690,8101,5666,814,556,338,689,3934,5273,7445,10559,14154,15108,20205,23148,47020,59166
00040002,워크래프트 III,174,368,380,316,48,24,39,1,0,0,0,0,0,0,0,10,18,25,26,32,20,30,30
00040004,던전앤파이터,68,98,101,100,109,122,101,44,28,26,22,19,13,16,31,44,41,46,42,23,32,40,56
00040005,서든어택,7341,9138,9472,8691,7162,5215,4235,2763,2120,1518,1098,851,696,1357,1529,1740,2207,2608,3137,3962,4646,5642,7244
00040007,스페셜포스,308,263,221,206,186,152,144,71,79,46,41,24,20,30,52,81,77,100,126,74,117,168,238
00040008,레트로게임,24,69,84,248,317,324,298,248,19,18,16,10,13,9,3,3,3,9,18,23,13,17,53
00040011,월드 오브 워크래프트,13,15,15,14,3,3,2,0,0,0,2,3,4,7,4,6,6,0,0,0,0,4,9
00040012,리니지,326,420,465,397,184,75,22,5,6,3,4,4,15,92,98,154,202,198,193,109,109,141,387
00040014,카트라이더: 드리프트,97,250,261,238,1068,861,690,616,32,28,22,23,30,35,58,56,65,60,59,102,43,73,143
00040015,아이온,314,312,301,341,339,294,172,156,154,131,123,102,45,18,70,153,184,194,202,133,137,177,206
00040016,스타크래프트 II,1,2,2,2,2,2,1,5,1,1,1,1,1,3,1,1,2,4,7,6,5,4,6
00040017,마인크래프트,17839,18342,19225,20078,18809,17751,15602,13006,12412,11091,12068,11804,12016,9703,12735,13789,13924,13711,12212,10575,9763,12213,17597
00040019,리그 오브 레전드,52695,98238,82036,69174,69699,55265,55690,27098,25866,23037,449,262,310,505,916,1340,3351,7632,17493,1757,3167,5258,26300
00040020,디아블로 III,0,0,0,0,0,0,0,0,0,0,0,0,0,0,0,0,0,0,0,0,0,0,0
00040022,블레이드 앤 소울,5,5,4,4,6,7,0,0,0,0,0,0,0,9,8,7,5,5,8,8,4,0,9
00040032,메이플스토리,3825,4692,5703,5863,5393,3925,2945,2684,1364,308,261,242,235,469,660,789,1447,1099,1549,1363,969,1357,1775
00040033,사이퍼즈,2,2,1,1,1,1,1,1,1,1,0,0,0,0,2,2,0,0,0,0,0,0,1
00040035,그랜드 테프트 오토 V,37677,39898,41503,43812,42371,32946,26220,16125,13546,5967,1913,348,109,2,0,0,0,268,723,1526,12505,18633,22571
00040039,하스스톤,4,9,10,12,10,9,2,0,0,1,1,0,0,0,0,1,1,0,1,1,2,5,4
00040040,마비노기,1,9,7,7,3,0,1,3,3,0,0,0,0,1,0,0,0,0,0,0,2,4,5
00040042,버블파이터,11,11,12,14,13,22,5,3,0,0,0,0,0,0,0,0,0,1,7,7,0,0,0
00040043,테일즈런너,48,133,197,292,301,248,188,55,21,15,6,4,0,12,12,0,6,2,12,29,27,40,52
00040050,히어로즈 오브 더 스톰,0,1,1,1,1,0,0,0,0,0,0,0,0,0,0,0,0,0,0,0,0,2,4
00040061,철권 7,0,0,0,2,2,0,0,0,0,0,0,0,0,0,0,0,0,0,0,0,0,0,0
00040065,바람의나라,76,112,124,87,60,36,24,30,33,20,18,19,19,41,37,39,37,42,46,53,106,113,117
00040066,PUBG: 배틀그라운드,14330,18546,19496,18073,15134,12300,10497,7825,4701,3804,3786,3364,2862,622,323,864,1327,2008,2668,3721,5105,6961,10211
00040067,로스트아크,11661,10533,12407,14113,14137,14129,10508,1535,326,52,43,15,13,554,858,810,681,899,2173,7065,8323,9270,10658
00040069,포트나이트,6,3,2,0,1,1,0,0,0,0,0,0,174,0,0,1,1,1,0,0,0,0,0
00040070,FC 온라인,31155,26976,5761,4894,3827,860,680,352,295,187,126,66,83,358,508,589,596,1006,1112,1177,15631,24928,4712
00040073,Apex 레전드,2,24,14,25,20,2,3,2,0,0,0,0,0,1,4,5,4,4,4,3,3,2,3
00040074,패스 오브 엑자일,0,0,0,0,0,0,0,0,0,0,0,0,0,0,0,0,0,0,0,0,0,0,0
00040075,전략적 팀 전투,2914,2849,2947,3171,1962,2047,1971,1822,1669,52,45,44,14,525,921,2055,2832,2905,2656,2168,1916,1684,1895
00040076,오토 체스,0,0,0,0,0,0,0,0,0,0,0,0,0,0,0,0,0,0,0,0,0,0,0
00040077,아크 서바이벌 이볼브드,0,0,0,0,0,0,0,0,0,0,0,0,0,0,0,0,0,0,0,0,0,0,0
00040078,카운터 스트라이크 2,0,0,0,0,0,0,1,0,0,0,0,0,0,0,0,0,0,0,0,0,0,0,0
00040079,다크에덴,3,6,4,4,0,6,4,6,5,5,5,7,4,4,4,4,3,1,5,4,6,0,6
00040080,데드 바이 데이라이트,3,4,2,0,10,10,8,0,6,6,7,0,0,0,0,0,2,,2,1,0,0,0
00040081,디아블로 II,124,143,126,131,121,90,58,55,25,16,6,9,18,44,44,28,29,32,16,21,47,47,93
00040082,도타2,0,0,0,0,0,0,1,1,1,1,0,0,0,0,0,0,0,0,0,0,0,0,0
00040083,엘소드,2,2,0,0,2,0,0,0,0,0,0,0,0,0,0,0,0,0,0,0,0,0,0
00040085,프리스타일,48,59,55,53,46,29,2,0,0,0,0,0,0,0,0,15,24,31,23,21,23,24,31
00040086,겟앰프드,0,0,0,1,1,0,0,0,0,0,0,0,0,0,0,0,0,0,0,0,0,0,0
00040087,이카루스,2,3,3,2,2,2,2,2,0,0,0,0,0,0,0,0,0,0,0,0,0,0,2
00040088,마구마구,23,17,15,21,0,7,9,0,0,0,0,0,0,0,5,6,7,8,7,17,11,0,1
00040089,메이플스토리2,0,0,0,0,0,0,0,0,0,0,0,0,0,0,0,0,0,0,0,0,0,0,0
00040090,몬스터 헌터 월드: 아이스본,0,0,0,0,0,0,0,0,0,0,0,0,0,0,0,0,0,0,0,0,0,0,0
00040091,osu!,0,0,0,0,0,0,0,0,0,0,0,0,0,0,0,0,0,0,0,0,0,0,0
00040092,R2,2,1,1,7,13,0,0,0,0,0,0,0,0,0,0,0,0,0,0,0,0,0,2
00040093,라그나로크 온라인,20,8,8,8,8,14,10,1,1,0,0,0,0,2,13,3,3,2,6,13,12,19,20
00040094,톰 클랜시의 레인보우 식스 시즈,0,0,0,0,0,0,0,0,0,0,0,0,0,0,0,0,4,4,3,3,0,0,0
00040095,슬러거,0,3,0,0,0,0,0,0,0,0,0,0,0,0,0,0,0,0,0,0,0,0,4
00040096,천하제일상 거상,86,135,122,115,78,68,62,44,25,22,20,2,6,25,41,50,52,49,50,31,57,64,87
00040099,트리 오브 세이비어,0,0,0,0,0,0,0,0,0,0,0,0,0,0,0,0,0,0,0,0,0,0,0
00040102,월드 오브 탱크,0,0,0,0,0,0,0,0,0,0,0,0,0,1,1,1,1,1,1,1,1,1,1
00040103,레전드 오브 룬테라,0,3,1,0,0,0,0,0,0,0,0,0,0,0,0,0,0,0,0,0,0,0,0
00040105,검은사막,8,10,9,9,9,8,0,0,0,0,0,0,0,0,0,5,8,9,11,10,12,11,2
00040106,스컬: 더 히어로 슬레이어,0,0,0,0,0,0,0,0,0,0,0,0,0,0,0,0,0,0,0,0,0,0,0
00040107,이스케이프 프롬 타르코프,3,6,7,7,9,9,9,7,3,3,4,1,1,0,0,0,0,0,4,4,4,7,9
00040108,콜 오브 듀티,0,1,2,2,2,0,0,0,0,0,0,0,0,0,0,0,0,0,0,0,0,0,0
00040110,발로란트,1438,2175,2460,2768,2795,2446,522,340,199,146,121,153,140,1580,93,157,173,257,282,405,411,502,817
00040111,모여봐요 동물의 숲,0,0,0,2,2,1,1,0,0,0,0,0,0,0,0,0,0,0,0,0,0,0,0
00040114,폴 가이즈,40,43,12,23,0,0,0,0,0,0,0,0,0,0,0,0,0,0,0,22,25,33,22
00040115,어몽 어스,0,0,0,0,0,0,0,0,0,0,0,0,0,0,0,0,0,0,0,0,0,0,0
00040116,헌터스 아레나: 레전드,0,0,0,0,0,0,0,0,0,0,0,0,0,0,0,0,0,0,0,0,0,0,0
00040117,포켓몬스터 스칼렛 · 바이올렛,8,11,10,2,2,0,0,0,0,0,0,0,0,0,0,0,0,0,0,0,0,0,0
00040119,사이버펑크 2077,2,2,4,2,0,0,0,0,0,0,0,0,0,0,0,0,0,0,0,0,0,0,2
00040120,이터널 리턴,407,278,280,277,211,168,145,124,121,79,78,110,132,181,193,223,247,254,245,258,282,140,482
00040121,종합게임,5146,5887,6156,10644,6409,7455,6432,6159,3309,650,451,436,370,1483,1911,750,1921,4373,4168,657,666,2822,4474
00040122,블레이드 어썰트,0,0,0,0,0,0,0,0,0,0,0,0,0,0,0,0,0,0,0,0,0,0,0
00040124,FIFA 23,0,0,0,0,0,0,0,0,0,0,0,0,0,0,0,0,0,0,0,0,0,0,0
00040126,아키에이지,0,0,0,0,0,0,0,0,0,0,0,0,0,0,0,0,0,0,0,0,0,0,0
00040127,커츠펠,0,0,0,0,0,0,0,0,0,0,0,0,0,0,0,0,0,0,0,0,0,0,0
00040128,오버워치 2,78,106,108,99,83,62,69,71,63,57,43,41,27,22,24,22,20,29,38,42,90,135,148
00040129,Football Manager 2024,0,0,0,0,0,0,0,0,0,0,0,0,0,0,0,0,0,0,0,0,0,0,0
00040131,VRChat,0,0,0,13,0,0,0,0,0,0,0,0,0,0,0,0,0,0,0,0,0,338,253
00040132,갓 오브 워 라그나로크,0,0,0,0,0,0,0,0,0,0,0,0,0,0,0,0,0,0,0,0,0,0,0
00040133,소닉 프론티어,0,0,0,0,0,0,0,0,0,0,0,0,0,0,0,0,0,0,0,0,0,0,0
00040134,페르소나 5 더 로열,0,0,0,0,0,0,0,0,0,0,0,0,0,0,0,0,0,0,0,0,0,0,0
00040135,eFootball 2024,0,0,0,1,1,1,0,0,0,0,0,0,0,0,0,0,0,0,0,0,0,0,0
00040136,칼리스토 프로토콜,0,0,0,0,0,0,0,0,0,0,0,0,0,0,0,0,0,0,0,0,0,0,0
00040137,유희왕 마스터 듀얼,0,0,0,0,0,0,0,0,0,0,0,0,0,0,0,0,0,0,0,0,0,0,0
00040138,데드 스페이스,0,0,0,0,0,0,0,0,0,0,0,0,0,0,0,0,0,0,0,0,0,0,0
00040139,용과 같이 유신! 극,0,0,9,8,6,7,0,0,0,0,0,0,0,0,0,0,0,0,0,0,0,0,0
00040140,와룡: 폴른 다이너스티,0,0,0,0,0,0,0,0,0,0,0,0,0,17,0,0,0,0,0,0,0,0,0
00040141,THE FINALS,0,0,0,0,0,0,0,0,0,0,0,0,0,0,0,0,0,0,0,0,0,0,0
00040142,프라시아 전기,8,0,0,0,0,0,0,0,0,0,0,0,0,0,0,0,0,0,0,7,0,0,0
00040143,디아블로 IV,1,1,1,1,1,7,6,10,1,4,5,5,4,4,6,4,3,3,4,8,11,5,1
00040144,스타워즈 제다이: 서바이버,0,0,0,0,0,0,0,0,0,0,0,0,0,0,0,0,0,0,0,0,0,0,0
00040145,아웃라스트 트라이얼,0,0,0,0,0,0,0,0,0,0,0,0,0,0,0,0,0,0,0,0,0,0,0
00040146,러스트,16,4,7,6,14,10,7,91,32,45,19,23,28,5,8,5,5,0,0,0,0,0,0
00040147,라쳇 & 클랭크: 리프트 어파트,0,0,0,0,0,0,0,0,0,0,0,0,0,0,0,0,0,0,0,0,0,0,0
00040148,발더스 게이트 3,0,0,0,0,0,0,0,0,0,0,0,0,0,0,0,0,0,0,0,0,0,0,0
00040149,이모탈스 오브 아베움,0,0,0,0,0,0,0,0,0,0,0,0,0,0,0,0,0,0,0,0,0,0,0
00040150,데스티니 가디언즈,0,0,0,0,0,0,0,0,0,0,0,0,0,0,0,0,0,0,0,0,0,2,0
00040151,P의 거짓,0,0,0,0,0,0,0,0,0,0,6,7,0,0,0,0,0,0,0,7,8,0,0
00040152,스톰 스트라이커,0,0,0,0,0,0,0,0,0,0,0,0,0,0,0,0,0,0,0,0,0,0,0
00040153,EA Sports FC 24,0,0,0,0,0,0,0,0,0,0,0,0,0,0,0,0,0,0,0,0,0,0,0
00040154,Only Climb: Better Together,0,0,0,0,0,0,0,0,0,0,0,0,0,0,0,0,0,0,0,0,0,0,0
00040155,앨런 웨이크 2,0,0,0,0,0,0,0,0,0,0,0,0,0,0,0,0,0,0,0,0,0,0,0
00040156,쓰론 앤 리버티,0,3,3,4,0,0,0,0,0,0,0,0,0,0,3,3,2,0,0,0,0,0,0
00040157,스트리트 파이터 6,134,115,148,143,138,5,3,0,0,0,0,0,0,0,0,10,21,34,19,24,53,80,107
00040158,메이플스토리 월드,932,1209,1323,1470,1352,1284,1115,1083,759,698,198,220,161,276,410,664,670,671,753,639,745,832,976
00040159,다크 앤 다커,0,0,0,0,0,0,0,0,0,0,0,0,0,0,0,0,0,0,0,0,0,0,0
00040160,팰월드,0,40,49,51,34,30,27,24,25,21,20,24,26,29,34,34,0,0,4,5,6,8,10
00040161,용과 같이8,0,0,0,0,0,0,0,0,0,0,0,0,0,0,0,0,0,0,0,0,0,0,0
00040162,리썰 컴퍼니,0,0,0,0,0,0,0,0,0,0,0,0,0,0,0,0,3,5,7,5,0,0,10
00040163,철권 8,71,149,191,116,117,84,54,43,41,10,8,9,12,13,18,17,33,36,10,13,21,20,26
00040164,페르소나 3 리로드,0,0,0,0,0,0,0,0,0,0,0,0,0,0,0,0,0,0,0,0,0,0,0
00040165,그랑블루 판타지 Relink,0,0,0,0,0,0,0,0,0,0,0,0,0,0,0,0,0,0,0,0,0,0,0
00040166,파피 플레이타임,0,0,0,0,0,0,0,0,0,0,0,0,0,0,0,0,0,0,0,0,0,0,0
00040167,알투비트,5,8,9,6,6,8,5,0,0,0,0,0,0,0,0,0,0,0,0,0,0,0,3
00040168,더 킹 오브 파이터즈 98,4,0,0,0,0,0,0,0,0,0,0,0,0,0,0,0,0,0,0,0,0,0,0
00040169,더 킹 오브 파이터즈 2002,5,8,11,10,6,7,8,6,6,5,4,5,6,5,5,4,5,7,8,7,8,9,8
00040170,더 킹 오브 파이터즈 XV,0,0,0,0,0,0,0,0,0,0,0,0,0,0,0,0,0,0,0,0,0,0,0
00040171,스트리트 파이터 II,0,0,3,2,1,0,0,0,0,0,0,0,0,0,0,0,0,0,0,0,0,0,0
00040172,헬다이버즈 2,0,1,1,1,1,1,1,1,0,0,0,0,0,0,0,0,0,0,0,0,0,0,0
00040173,엘든 링,6,7,6,0,0,0,0,0,0,0,0,0,0,0,0,0,0,0,0,0,0,0,0
00040174,나이팅게일,0,0,0,0,0,0,0,0,0,0,0,0,0,0,0,0,0,0,0,0,0,0,0
00040175,크레이지 아케이드,0,4,1,0,0,0,0,0,0,0,0,0,0,0,0,2,0,0,0,0,0,0,0
00040176,발라트로,0,0,0,0,0,0,0,0,0,0,0,0,0,0,0,0,0,0,0,0,0,0,0
00040177,라스트 에포크,6,2,2,2,2,0,0,0,0,0,0,0,0,0,0,3,3,5,6,5,5,4,4
00040178,포 더 킹 II,0,0,0,0,0,0,0,0,0,0,0,0,0,0,0,0,0,0,0,0,0,0,0
00040179,로블록스,3,2,0,0,0,0,1,2,0,0,2,2,1,1,0,0,0,4,4,3,3,5,3
00040180,스플래툰 3,0,0,2,2,0,0,0,0,0,0,0,0,0,0,0,0,0,0,0,0,0,0,0
00040181,스펠렁키 2,0,0,0,0,0,0,0,0,0,0,0,0,0,0,0,0,0,0,0,0,0,0,0
00040182,데이 아 빌리언즈,0,0,,5,0,0,0,0,0,0,0,0,0,0,0,0,0,0,0,0,0,0,0
00040183,딥 락 갤럭틱: 서바이버,0,0,0,0,0,0,0,0,0,0,0,0,0,0,0,0,0,0,0,0,0,0,0
00040184,아이작의 번제: 리버스,0,0,0,0,0,0,0,6,9,8,10,0,0,0,0,0,0,0,0,0,0,2,5
00040185,역전재판 123 나루호도 셀렉션,0,0,0,0,0,0,0,0,0,0,0,0,0,0,0,0,0,0,0,0,0,0,0
00040186,역전재판 456 오도로키 셀렉션,0,0,0,0,0,0,0,0,0,0,0,0,0,0,0,0,0,0,0,0,0,0,0
00040187,어 디피컬트 게임 어바웃 클라이밍,0,0,0,0,0,0,0,0,0,0,0,0,0,0,0,0,0,0,0,0,0,0,0
00040188,배틀크러쉬,0,0,0,0,0,0,0,0,0,0,0,0,0,0,0,0,0,0,0,0,0,0,0
00040189,프로젝트 좀보이드,0,0,0,0,0,0,0,0,0,0,0,0,0,0,0,0,0,0,0,0,0,0,0
00040190,드래곤즈 도그마 II,0,0,0,0,0,0,0,0,0,0,0,0,0,0,0,0,0,0,0,0,0,0,0
00040191,슬레이 더 스파이어,0,0,0,0,0,0,0,0,0,0,0,0,0,0,0,0,0,0,0,0,0,0,0
00040192,아르마 3,0,0,0,0,0,0,0,0,0,0,0,0,0,0,0,0,0,0,0,0,0,0,0
00040193,다크 소울 III,0,0,0,0,0,0,0,0,0,0,0,0,0,0,0,0,0,0,0,0,0,0,0
00040194,다크 소울: 리마스터,0,0,0,0,0,0,0,0,0,0,0,0,0,0,0,0,0,0,0,0,0,0,0
00040195,스타듀 밸리,14,15,16,23,20,13,11,0,0,0,0,0,0,6,7,0,0,0,0,0,0,0,0
00040196,삼국지 14,0,0,0,0,0,0,0,0,0,0,0,0,0,0,0,0,0,0,0,0,0,0,0
00040197,림월드,0,0,0,0,0,0,0,0,0,0,0,0,0,0,0,0,0,0,0,0,4,4,0
00040198,슈퍼마켓 시뮬레이터,0,0,0,0,0,0,0,0,0,0,0,0,0,0,0,0,0,0,0,0,0,0,0
00040199,더 게임 오브 시시포스,0,0,0,0,0,0,0,0,0,0,0,0,0,0,0,0,0,0,0,0,0,0,0
00040200,아세토 코르사,0,0,0,0,0,0,0,0,0,0,0,0,0,1,1,1,0,0,0,0,0,0,0
00040201,노 레스트 포 더 위키드,0,0,0,0,0,0,0,0,0,0,0,0,0,0,0,0,0,0,0,0,0,0,0
00040202,네개의 빛,0,0,0,0,0,0,0,0,0,0,0,0,0,0,0,0,0,0,0,0,0,0,0
00040203,스텔라 블레이드,0,0,0,0,2,2,0,0,0,0,0,0,0,0,0,0,0,0,0,0,0,0,0
00040204,세븐데이즈 투 다이,0,0,0,0,0,2,2,2,3,2,2,2,3,0,0,0,0,0,0,0,0,1,1
00040205,매너로드,0,0,0,0,0,0,0,0,0,0,0,0,0,0,0,0,0,0,0,0,0,0,0
00040206,엑스컴 2,0,0,0,0,0,0,0,0,0,0,0,0,0,0,0,0,0,0,0,0,0,0,0
00040207,MLB 더쇼 24,0,0,0,0,0,0,0,0,0,0,0,0,0,0,0,0,0,0,0,0,0,0,0
00040208,인펙션 프리존,0,0,0,0,0,0,0,0,0,0,0,0,0,0,0,0,0,0,0,0,0,0,0
00040209,하데스 2,0,0,0,0,0,0,0,0,0,0,0,0,0,0,0,0,0,0,0,0,0,0,0
00040210,여귀교 2: 자유로운 영혼의 길,0,0,0,0,0,0,0,0,0,0,0,0,0,0,0,0,0,0,0,0,0,0,0
00040213,세누아의 전설: 헬블레이드 II,0,0,0,0,0,0,0,0,0,0,0,0,0,0,0,0,0,0,0,0,0,0,0
00040215,아이 돈트 폴,0,0,0,0,0,0,0,0,0,0,0,0,0,0,0,0,0,0,0,0,0,0,0
00040216,엘든 링: 황금 나무의 그림자,0,0,0,0,0,0,0,0,0,0,0,0,0,0,0,0,0,0,0,0,0,0,0
00040219,카운터 스트라이크 온라인,0,0,0,0,0,0,0,0,0,0,0,0,0,0,0,0,0,0,0,0,0,0,0
00040220,스톰게이트,0,2,1,1,0,0,0,0,0,0,0,0,0,0,0,0,0,0,0,0,0,0,0
00040221,WWE 2K24,0,0,0,0,0,0,0,0,0,0,0,0,0,0,0,0,0,0,0,0,0,0,0
00040222,Once Human,93,125,115,89,38,16,0,0,0,0,0,0,0,0,0,0,7,9,7,9,0,27,38
00040223,퍼스트 디센던트,0,2,0,0,0,0,0,0,0,0,0,0,0,0,0,0,0,0,0,0,0,0,0
00040224,유로 트럭 시뮬레이터 2,4,2,2,0,0,0,0,0,0,0,3,0,0,0,0,0,1,1,1,1,1,0,3
00040225,검은 신화: 오공,0,21,21,18,14,15,12,16,17,13,0,0,0,0,0,0,0,1,1,1,1,1,11
00040226,호연,0,0,0,0,0,0,0,0,0,0,0,0,0,0,0,0,0,0,0,0,0,0,0
00040227,인조이,0,0,0,0,0,0,0,0,0,0,0,0,0,0,0,0,0,0,0,0,0,0,0
00040228,스타워즈: 아웃로,0,0,0,0,0,0,0,0,0,0,0,0,0,0,0,0,0,0,0,0,0,0,0
00040229,크라임 씬 클리너,0,0,0,0,0,0,0,0,0,0,0,0,0,0,0,0,0,0,0,0,0,0,0
00040230,슈퍼바이브,0,3,2,2,0,0,0,0,0,0,0,0,0,0,0,0,0,0,0,0,0,0,0
00040231,마법소녀 즈큥도큥,0,0,0,0,0,0,0,0,0,0,0,0,0,0,0,0,0,0,0,0,0,0,0
00040232,역전검사,0,0,0,0,0,0,0,0,0,0,0,0,0,0,0,0,0,0,0,0,0,0,0
00040233,EA Sports FC 25,10,20,25,31,10,9,11,12,0,0,0,0,0,0,0,0,0,0,0,0,0,4,4
00040234,프로스트펑크 2,0,0,0,0,0,0,0,0,0,0,0,0,0,0,0,0,0,0,0,0,0,0,0
00040235,젤다의 전설 지혜의 투영,0,0,5,5,0,0,0,0,0,0,0,0,0,0,0,0,0,0,0,0,0,0,0
00040236,사일런트 힐 2,0,0,0,0,0,0,0,0,0,0,0,0,0,0,0,0,0,0,0,0,0,0,0
00040237,PUBG: 블라인드스팟,0,0,0,0,0,0,0,0,0,0,0,0,0,0,0,0,0,0,0,0,0,0,0
00040238,몬스터 헌터 와일즈,3,8,4,4,5,0,0,0,0,0,0,0,0,0,0,0,0,0,0,0,0,2,2
00040239,제로 시버트,0,0,0,0,0,0,0,0,0,0,0,0,0,0,0,0,0,0,0,0,0,0,0
00040240,슈퍼 마리오 파티 잼버리,0,0,0,0,0,0,0,0,0,0,0,0,0,0,0,0,0,0,0,0,0,0,0
00040242,주,0,0,0,0,0,0,0,0,0,0,0,0,0,0,0,0,0,0,0,0,0,0,0
00040243,쁘띠 아일랜드,0,0,0,0,0,0,0,0,0,0,0,0,0,0,0,0,0,0,0,0,0,0,0
00040244,스토커 2: 초르노빌의 심장부,0,0,0,0,0,0,0,0,0,0,0,0,0,0,0,0,0,0,0,0,0,0,0
00040245,WJMAX,0,0,0,0,0,0,0,0,0,0,0,0,0,0,0,0,0,0,0,0,0,0,0
00040246,락다운 프로토콜,0,0,0,0,0,0,0,0,0,0,0,0,0,0,0,0,0,0,0,0,0,0,0
00040247,DEADLOCK,0,0,0,0,0,0,0,0,0,0,0,0,0,0,0,0,0,0,0,0,0,0,0
00040248,인디아나 존스: 그레이트 서클,0,0,0,0,0,0,0,0,0,0,0,0,0,0,0,0,0,0,0,0,0,0,0
00040249,패스 오브 엑자일 2,0,0,1,0,0,0,0,2,2,4,6,4,5,3,3,0,0,4,8,0,0,4,4
00040250,델타포스,2,5,4,2,5,5,3,2,0,0,0,0,0,0,0,0,0,0,0,0,3,3,3
00040251,코난 엑자일,0,0,0,0,0,0,0,0,0,0,0,0,0,0,0,0,0,0,0,0,0,0,0
00040252,겟 투 워크,5,4,5,7,8,0,0,0,0,0,0,0,0,0,0,0,0,0,0,0,0,0,0
00040253,마블 라이벌즈,0,0,0,0,3,3,4,2,3,2,0,0,0,0,0,0,0,0,0,0,0,0,0
00040254,진 삼국무쌍: ORIGINS,0,0,0,0,0,0,0,0,0,0,0,0,0,0,0,0,0,0,0,0,0,0,0
00040255,림버스 컴퍼니,0,0,0,0,0,0,0,0,0,0,0,0,0,0,0,0,0,0,0,0,0,18,17
00040256,파워워시 시뮬레이터,0,0,0,0,0,0,0,0,0,0,0,0,0,0,0,0,0,0,0,0,0,0,0
00040257,괴담도시,0,0,0,0,0,0,0,0,0,0,0,0,0,0,0,0,0,0,0,0,0,0,0
00040258,메이크 굿 초이스,0,0,0,0,0,0,0,0,0,0,0,0,0,0,0,0,0,0,0,0,0,0,0
00040259,미사이드,0,0,0,0,0,0,0,0,0,0,0,0,0,0,0,0,0,0,0,0,0,0,0
00040260,포켓로그,0,0,0,0,0,0,0,0,0,0,0,0,0,0,0,0,0,0,0,0,0,0,0
00040261,스트리머 라이프 시뮬레이터2,0,0,0,0,0,0,0,0,0,0,0,0,0,0,0,0,0,0,0,0,0,0,0
00040262,시드 마이어의 문명 VII,0,0,0,0,0,0,0,0,0,0,0,0,0,0,0,0,0,0,0,0,0,0,0
00040263,시드 마이어의 문명 V,0,0,0,0,0,0,0,0,0,0,0,0,0,0,0,0,0,0,0,0,0,0,0
00040264,시드 마이어의 문명 VI,0,0,0,0,0,0,0,0,0,0,0,0,0,0,0,0,0,0,0,0,0,0,0
00040265,킹덤 컴: 딜리버런스 II,0,0,0,0,3,0,0,0,0,0,0,0,0,0,0,0,0,0,0,5,8,9,12
00040266,헬로 키티 아일랜드 어드벤처,0,0,0,0,0,0,0,0,0,0,0,0,0,0,0,0,0,0,0,0,0,0,0
00040267,RF 온라인 넥스트,0,0,0,0,0,0,0,0,0,0,0,0,0,0,0,33,36,0,3,227,218,241,355
00040268,마운트 앤 블레이드 2: 배너로드,0,0,0,2,1,2,2,2,3,0,0,0,0,0,0,0,0,0,0,0,0,0,0
00040269,퍼스트 버서커: 카잔,1,2,0,0,0,0,0,0,0,0,0,0,0,0,0,0,0,0,0,0,0,0,0
00040270,체인드 투게더,0,0,0,0,0,0,0,0,0,0,0,0,0,0,0,0,0,0,0,0,0,0,0
00040271,코어 키퍼,0,0,0,0,0,0,0,0,0,0,0,0,0,0,0,0,0,0,0,0,0,0,0
00040272,도시전설 해체센터,0,0,0,0,0,0,0,0,0,0,0,0,0,0,0,0,0,0,0,0,0,0,0
00040273,트릭샷 시뮬레이터,0,0,0,0,0,0,0,0,0,0,0,0,0,0,0,0,0,0,0,0,0,0,0
00040274,몬스터 헌터 라이즈: 선브레이크,0,0,0,0,0,0,0,0,0,0,0,0,0,0,0,0,0,0,0,0,0,0,0
00040275,파이널 판타지 7 리메이크,0,0,0,0,0,0,0,0,0,0,0,0,0,0,0,0,0,0,0,0,0,0,0
00040276,파이널 판타지 7 리버스,0,0,0,0,0,0,0,0,0,0,0,0,0,0,0,0,0,0,0,0,0,0,0
00040277,파이널 판타지 15,0,0,0,0,0,0,0,0,0,0,0,0,0,0,0,0,0,0,0,0,0,0,0
00040278,파이널 판타지 16,0,0,0,0,0,0,0,0,0,0,0,0,0,0,0,0,0,0,0,0,0,0,0
00040279,파이널 판타지 14,0,0,0,0,0,0,0,0,0,0,0,0,0,0,0,0,0,0,0,0,0,0,2
00040280,WWE 2K25,0,0,0,0,0,0,0,0,0,0,0,0,0,0,0,0,0,0,0,0,0,0,0
00040281,드래곤볼 더 브레이커즈,0,0,0,0,0,0,0,0,0,0,0,0,0,0,0,0,0,0,0,0,0,0,0
00040282,용과 같이8 외전 Pirates in Hawaii,0,0,0,0,0,0,0,0,0,0,0,0,0,0,0,0,0,0,0,0,0,0,0
00040283,유니콘 오버로드,0,2,2,0,0,0,0,0,0,0,0,0,0,0,0,0,0,0,0,0,0,0,0
00040284,스플릿 픽션,0,0,0,0,0,0,0,0,0,0,0,0,0,0,0,0,0,0,0,0,0,0,0
00040285,젤다의 전설 Breath of the Wild,0,0,0,0,0,0,0,0,0,0,0,0,0,0,0,0,0,0,0,0,0,0,0
00040286,젤다의 전설 Tears of the Kingdom,0,0,0,0,0,0,0,0,0,0,0,0,0,0,0,0,0,0,0,0,0,0,0
00040287,프래그펑크,0,0,0,0,0,0,0,0,0,0,0,0,0,0,0,0,0,0,0,0,0,0,0
00040288,어둠의전설,0,7,9,13,13,0,0,0,0,0,0,0,0,0,0,0,0,0,0,0,0,0,0
00040289,아크시스템웍스,0,0,0,0,0,0,0,0,0,0,0,0,0,0,0,0,0,0,0,0,0,0,0
00040290,투 포인트 뮤지엄,0,0,0,0,0,0,0,0,0,0,0,0,0,0,0,0,0,0,0,0,0,0,0
00040291,플래닛 주,0,0,0,0,0,0,0,0,0,0,0,0,0,0,0,0,0,0,0,0,0,0,0
00040292,어쌔신 크리드 섀도우스,0,0,0,0,0,0,0,0,0,0,0,0,0,0,0,0,0,0,0,0,0,0,0
00040293,MLB 더쇼 25,0,0,0,0,0,0,0,0,0,0,0,0,0,0,0,0,0,0,0,0,0,0,0
00040294,닌자 가이덴 2 블랙,0,0,0,0,0,0,0,0,0,0,0,0,0,0,0,0,0,0,0,0,0,0,0
00040295,인왕 2 더 컴플리트 에디션,0,0,0,0,0,0,0,0,0,0,0,2,3,0,0,0,0,0,0,0,0,1,1
00040296,그란 투리스모7,0,0,0,0,0,0,0,0,0,0,0,0,0,0,0,0,0,0,0,0,0,0,0
00040297,R.E.P.O.,3,3,2,0,0,0,0,0,0,0,0,0,0,0,0,0,0,0,3,0,0,0,10
00040298,BLEACH 리버스 오브 소울즈,0,0,0,0,0,0,0,0,0,0,0,0,0,0,0,0,0,0,0,0,0,0,0
00040299,귀귀살전,0,0,0,0,0,0,0,0,0,0,0,0,0,0,0,0,0,0,0,0,0,0,0
00040300,더 헌터: 야생의 부름,0,0,0,0,0,0,0,0,0,0,0,0,0,0,0,0,0,0,0,0,0,0,0
00040301,배틀 에이스,0,0,0,0,0,0,0,0,0,0,0,0,0,0,0,0,0,0,0,0,0,0,0
00040302,인투 더 데드: 아워 다키스트 데이즈,0,0,0,0,0,0,0,0,0,0,0,0,0,0,0,0,0,0,0,0,0,0,0
00040303,세피리아,0,0,2,3,0,0,0,0,0,0,0,0,0,0,0,0,0,0,0,0,0,0,0
00040304,클레르 옵스퀴르: 33 원정대,0,0,0,0,0,0,0,0,0,0,0,0,0,0,0,0,0,0,0,0,0,0,0
00040305,둠: 더 다크 에이지스,0,0,0,0,0,0,0,0,0,0,0,0,0,0,0,0,0,0,0,0,0,0,0
00040306,월드 오브 워쉽,0,0,0,0,0,0,0,0,0,0,0,0,0,0,0,0,0,0,0,0,0,0,0
00040307,당직근무,0,0,3,4,5,0,0,0,0,0,0,0,0,0,0,0,0,0,0,0,0,0,0
00040308,젓가락질 개론,0,0,0,0,0,0,0,0,0,0,0,0,0,0,0,0,0,0,0,0,0,0,0
00040309,테라리아,0,0,0,0,0,0,0,0,0,0,0,0,0,0,0,0,0,0,0,0,0,0,0
00040310,엘든 링 밤의 통치자,27,0,0,0,0,0,0,0,0,0,0,0,0,0,0,0,0,0,0,0,88,87,94
00040311,마리오 카트 월드,0,0,0,0,0,0,0,0,0,0,0,0,0,0,0,0,0,0,0,0,0,0,0
00040312,빈딕투스: 디파잉 페이트,0,0,0,0,0,0,0,0,0,0,0,0,0,0,0,0,0,0,0,0,0,0,0
00040313,데스 스트랜딩 2,0,0,0,0,0,0,0,0,0,0,0,0,0,0,0,0,0,0,0,0,0,0,0
00040314,구스 구스 덕,0,0,0,0,0,0,0,0,0,0,0,0,0,0,0,0,0,0,0,0,0,0,0
00040315,백팩 배틀즈,0,0,0,0,0,0,0,0,0,0,0,0,0,0,0,0,0,0,0,0,0,0,0
00040316,메카 브레이크,0,2,2,0,0,0,0,0,0,0,0,0,0,0,0,0,0,0,0,0,0,0,0
00040317,브로큰 애로우,0,0,0,0,0,0,0,0,0,0,0,0,0,0,0,0,0,0,0,0,0,0,0
00040318,듄: 어웨이크닝,0,0,0,0,0,0,0,0,0,0,0,0,0,0,0,0,0,0,0,0,0,0,0
00040319,섀도우버스 월즈 비욘드,0,0,0,0,0,0,0,0,0,0,0,0,0,0,0,0,0,0,0,0,0,0,0
00040320,프린세스 메이커,0,0,0,0,0,0,0,0,0,0,0,0,0,0,0,0,0,0,0,0,0,0,0
00040321,프린세스 메이커 2 리제네레이션,0,0,0,0,0,0,0,0,0,0,0,0,0,0,0,0,0,0,0,0,0,0,0
00040322,프린세스 메이커: 예언의 아이들,0,0,0,0,0,0,0,0,0,0,0,0,0,0,0,0,0,0,0,0,0,0,0
00040323,판타지 라이프 i 빙글빙글 용과 시간을 훔치는 소녀,0,0,0,0,0,0,0,0,0,0,0,0,0,0,0,0,0,0,0,0,0,0,0
00040324,피크,19,118,32,32,17,17,0,0,0,0,0,0,0,0,0,0,0,0,0,0,0,0,0
00040325,V 라이징,0,0,0,0,0,0,0,0,0,0,0,0,0,0,0,0,0,0,0,0,0,0,0
00040326,톰 클랜시의 더 디비전 2,0,0,0,0,0,0,0,0,0,0,0,0,0,0,0,0,0,0,0,0,0,0,0
00040327,톰 클랜시의 레인보우 식스 시즈 X,0,0,3,2,2,0,0,0,0,0,0,0,0,0,0,0,0,0,0,0,0,0,0
00040328,드래곤 퀘스트 XI: 지나간 시간을 찾아서,0,0,0,0,0,0,0,0,0,0,0,0,0,0,0,0,0,0,0,0,0,0,0
00040329,드래곤 퀘스트 빌더즈 2: 파괴신 시도와 텅 빈 섬,0,0,0,0,0,0,0,0,0,0,0,0,0,0,0,0,0,0,0,0,0,0,0
00040330,동키콩 바난자,0,0,0,0,0,0,0,0,0,0,0,0,0,0,0,0,0,0,0,0,0,0,0
00040331,명말: 공허의 깃털,0,0,0,0,0,0,0,0,0,0,0,0,0,0,0,0,0,0,0,0,0,0,0
00040332,레이싱 마스터,3,0,0,0,2,2,2,0,0,0,0,0,0,0,0,0,0,0,0,0,0,0,0
00040333,마피아: 올드 컨트리,0,0,0,0,0,0,0,0,0,0,0,0,0,0,0,0,0,0,0,0,0,0,0
00040334,낙원: LAST PARADISE,0,0,0,0,0,0,0,0,0,0,0,0,0,0,0,0,0,0,0,0,0,0,0
00040335,데이브 더 다이버,0,0,0,0,0,0,0,0,0,0,0,0,0,0,0,0,0,0,0,0,0,0,0
00040336,DNF Duel,0,0,0,0,0,0,0,0,0,0,0,0,0,0,0,0,0,0,0,0,0,0,0
00040337,마비노기 영웅전,0,0,0,0,0,0,0,0,0,0,0,0,0,0,0,0,0,0,0,0,0,0,0
00040338,테일즈위버,0,0,0,0,0,0,0,0,0,0,0,0,0,0,0,0,0,0,0,0,0,0,0
00040339,메탈 기어 솔리드 Δ: 스네이크 이터,,,,,,,,,,,,,,,,,,,,,0,0,0
00060001,KBL,0,0,0,0,0,0,0,0,0,0,0,0,0,0,0,0,0,0,0,0,0,0,0
00060002,WKBL,0,0,0,0,0,0,0,0,0,0,0,0,0,0,0,0,0,0,0,0,0,0,0
00100000,국내프로배구,0,0,0,0,0,0,0,0,0,0,0,0,0,0,0,0,0,0,0,0,0,0,0
00130000,토크/캠방,39784,35857,45094,49970,42118,31883,32155,14668,10176,5083,4111,4058,3755,6311,11229,12457,16220,17448,20144,23866,28895,37112,63700
00140001,두산,531,508,9,0,0,0,0,0,0,0,0,0,0,0,0,0,0,0,0,0,3,472,509
00140002,한화,1545,922,2,2,2,2,2,2,3,0,0,0,0,0,0,0,0,0,0,0,18,527,545
00140003,롯데,124,0,0,0,0,0,0,0,0,0,0,0,0,0,0,0,0,0,0,4,8,234,253
00140004,키움,13,4,0,0,0,0,0,0,0,0,0,0,0,0,0,0,0,0,0,0,4,5,6
00140005,삼성,1381,1738,532,15,14,0,0,0,0,0,0,0,0,0,0,0,0,0,0,0,117,1135,1528
00140006,KIA,1274,2144,0,0,0,0,0,0,0,0,0,0,0,0,0,0,0,0,0,0,107,876,1181
00140007,LG,583,529,0,0,0,0,0,0,0,0,0,0,0,0,0,0,0,0,0,0,48,561,579
00140008,SSG,67,70,0,0,0,0,0,0,0,0,0,0,0,0,0,0,0,0,0,0,0,47,58
00140009,중립,0,0,120,37,36,22,21,0,0,0,0,0,0,0,0,0,0,0,0,0,0,0,13
00140010,NC,0,0,0,0,0,0,0,0,0,0,0,0,0,0,0,0,0,0,0,0,,2,1
00140011,kt,0,0,0,0,0,0,0,0,0,0,0,0,0,0,0,0,0,0,0,0,0,0,0
00170000,국내프로축구,0,1,1,1,1,2,1,2,3,3,3,3,2,2,2,2,3,2,3,2,125,182,191
00180000,해외프로야구,316,250,107,5,0,0,0,0,0,0,0,0,0,0,0,0,0,0,0,0,271,344,425
00190000,격투기,4,0,0,0,0,0,0,0,0,0,0,0,0,2,3,0,0,0,0,0,0,0,1
00270001,국내주식,0,0,0,0,0,0,0,0,0,0,0,0,0,5,4,4,6,6,3,0,0,0,0
00270002,국내선물,0,0,0,0,0,0,0,0,0,0,0,0,22,63,60,55,51,53,0,0,0,0,13
00270003,해외주식,0,0,0,0,0,0,0,0,0,0,0,0,0,0,0,0,0,0,0,0,0,0,0
00270004,해외선물,1,0,5,14,2,2,0,0,0,0,0,0,0,1,0,0,2,0,0,0,0,0,1
00270005,부동산,3,0,0,0,0,0,0,0,0,0,0,0,0,0,0,0,0,0,0,0,0,2,2
00270006,암호화폐,429,965,1112,913,719,593,474,384,368,346,334,332,339,338,342,365,359,600,320,350,347,425,452
00270007,기타 금융,3,1,1,1,1,1,2,2,3,1,1,1,1,3,3,3,3,3,3,3,3,3,3
00270008,주식,8,38,118,15,7,6,3,3,3,0,0,2,61,661,374,349,333,98,40,22,22,15,9
00270009,파생,2,2,6,7,6,5,5,5,5,4,2,0,1,3,1,1,0,0,0,1,1,1,2
00290001,자습,25,29,20,14,9,8,6,1,0,2,0,0,0,4,20,16,19,25,31,23,23,22,25
00290002,지식,103,77,51,18,15,12,12,10,12,0,0,0,8,34,15,9,39,59,52,4,13,50,106
00290005,시사,1,1,1,1,3,4,2,0,0,0,0,0,0,1,13,0,36,49,0,0,0,14,13
00290006,종교,13,11,5,5,3,1,1,1,0,29,9,2,3,62,57,5,53,59,3,4,5,27,138
00290007,경제,1,67,257,76,56,25,1,1,2,1,1,57,169,135,105,130,111,27,0,0,0,20,21
00330000,먹방/쿡방,929,1598,2078,1863,1645,544,392,281,146,42,156,788,1364,3166,2403,2806,2410,1607,1553,1629,2342,2505,2570
00350002,명탐정 코난,49,111,349,556,210,24,325,171,685,16,13,12,11,16,12,12,9,8,12,12,11,733,1188
00350004,기타 애니,0,0,0,0,0,0,0,0,0,0,0,0,0,0,0,1,0,0,0,0,0,0,0
00350018,검정고무신,14,26,18,23,32,35,36,40,42,49,38,28,25,33,15,13,17,20,18,22,19,18,19
00350025,원피스,13,13,16,17,18,19,19,27,24,26,30,24,27,24,25,26,19,21,24,17,20,16,23
00350041,나의 히어로 아카데미아,3,0,0,0,0,0,0,0,0,0,0,0,0,0,0,0,0,0,0,0,0,0,0
00350053,귀멸의 칼날,2,32,42,31,14,45,150,116,51,25,0,4,4,8,9,4,3,5,51,64,1,60,129
00360003,모바일 종합게임,76,104,123,143,91,42,37,8,6,3,3,5,5,4,11,105,163,169,101,90,70,101,89
00360012,모두의마블,0,0,0,0,0,0,0,0,0,0,0,0,0,0,0,0,0,0,0,0,0,0,1
00360018,클래시로얄,0,0,0,0,0,0,0,0,0,0,0,0,0,0,0,0,0,0,0,0,0,0,0
00360020,포켓몬 GO,0,0,0,0,0,0,0,0,0,0,0,0,0,0,0,0,0,0,0,0,0,0,0
00360021,리니지2:레볼루션,0,1,2,2,2,2,2,2,2,2,2,2,0,0,0,0,0,0,0,0,0,0,0
00360022,리니지M,30,56,38,74,48,40,3,2,1,4,2,4,6,3,9,35,38,10,7,9,12,19,38
00360028,라그나로크M,0,0,0,0,0,0,0,0,0,0,0,0,0,0,0,0,0,0,0,0,0,0,0
00360030,검은사막M,4,4,0,0,0,0,0,0,0,0,0,0,5,0,0,0,0,0,0,0,0,0,0
00360031,배틀그라운드 모바일,0,11,15,9,9,11,0,0,0,0,0,0,0,0,0,0,0,0,0,0,0,0,0
00360033,에픽세븐,0,0,0,0,0,0,0,0,0,0,0,0,0,0,0,0,0,0,6,5,6,7,8
00360034,오크,0,0,0,0,0,0,0,0,0,0,0,0,0,0,0,0,0,0,0,0,0,0,0
00360035,십이지천M,0,0,0,0,0,0,0,0,0,0,0,0,0,0,0,0,0,0,0,0,0,0,0
00360037,라이프애프터,0,0,0,0,0,0,0,0,0,0,0,0,0,0,0,0,0,0,0,0,0,0,0
00360038,페이트/그랜드 오더,0,0,0,0,0,0,0,0,0,0,0,0,0,0,0,0,0,0,0,0,0,0,0
00360040,프린세스 커넥트 리:다이브,0,0,0,0,0,0,0,0,0,0,0,0,0,0,0,0,0,0,0,0,0,0,0
00360041,다크에덴M,0,0,0,0,0,0,0,0,0,0,0,0,0,0,0,0,0,0,0,0,0,0,0
00360043,블레이드 & 소울 레볼루션,0,0,0,0,0,0,0,0,0,0,0,0,0,0,0,0,0,0,0,0,0,0,0
00360044,클래시 오브 클랜,0,0,0,0,0,0,0,0,0,0,0,0,0,0,0,0,0,0,0,0,0,0,1
00360046,V4,0,0,0,0,0,0,0,0,0,0,0,0,0,0,0,0,0,0,0,0,0,0,0
00360048,에오스 레드,0,0,0,0,0,0,0,0,0,0,0,0,0,0,0,0,0,0,0,0,0,0,0
00360049,엑소스히어로즈,0,0,0,0,0,0,0,0,0,0,0,0,0,0,0,0,0,0,0,0,0,0,0
00360050,리니지2M,0,0,0,0,0,0,0,0,0,0,0,0,0,0,0,0,0,0,0,0,0,0,0
00360052,A3: 스틸얼라이브,0,0,0,0,0,0,0,0,0,0,0,0,0,0,0,0,0,0,0,0,0,0,0
00360054,바람의나라: 연,0,0,0,0,0,0,0,0,0,0,0,0,0,0,0,0,0,0,0,0,0,0,0
00360055,카트라이더 러쉬플러스,0,0,0,0,0,0,0,0,0,0,0,0,0,0,0,0,0,0,0,0,0,0,0
00360056,리그 오브 레전드: 와일드 리프트,0,0,0,0,0,0,0,0,0,0,0,0,0,0,0,0,0,0,0,0,0,0,0
00360057,미르4,0,0,0,0,0,0,0,0,0,0,0,0,0,0,0,0,0,0,0,0,0,0,0
00360058,대항해시대 오리진,0,0,0,0,0,0,0,0,0,0,0,0,0,0,0,0,0,0,0,0,0,2,2
00360059,그랑사가,0,0,0,0,0,0,0,0,0,0,0,0,0,0,0,0,0,0,0,0,0,0,3
00360060,세븐나이츠2,0,1,2,2,0,0,0,0,0,0,0,0,0,0,0,0,0,0,2,2,2,2,2
00360062,쿠키런,0,0,0,0,0,0,0,0,0,0,0,0,0,0,0,2,2,2,0,0,0,0,0
00360063,원신,4,6,8,6,2,2,1,2,2,3,2,2,3,2,2,2,4,4,4,3,2,3,3
00360066,DK모바일,0,0,0,0,0,0,0,0,0,0,0,0,0,0,0,0,0,0,0,0,0,0,7
00360067,디아블로 이모탈,0,0,0,0,0,0,0,0,0,0,0,0,0,0,0,0,0,0,0,0,0,0,0
00360068,제2의 나라,0,0,0,0,0,0,0,0,0,0,0,0,0,0,0,0,0,0,0,0,0,0,0
00360069,오딘: 발할라 라이징,5,3,3,2,2,2,3,0,0,0,0,0,0,0,0,0,1,2,2,3,4,2,5
00360070,블레이드 & 소울 2,0,0,0,0,0,0,0,0,0,0,0,0,0,0,0,0,0,0,0,0,0,0,0
00360072,컴투스프로야구2023,0,0,0,0,0,1,1,0,0,0,0,0,0,0,0,0,0,0,0,0,0,0,0
00360073,리니지W,0,0,0,0,0,0,0,0,0,0,0,0,0,0,0,0,0,0,0,0,0,0,0
00360074,포켓몬 유나이트,0,0,0,0,0,0,0,0,0,0,0,0,0,0,0,0,0,0,0,0,0,0,0
00360075,언디셈버,0,0,0,0,0,0,0,0,0,0,0,0,0,0,0,0,0,0,0,0,0,0,0
00360076,트라하 인피니티,0,0,0,0,0,0,0,0,0,0,0,0,0,0,0,0,0,0,0,0,0,0,0
00360077,던전앤파이터 모바일,4,2,2,2,0,0,0,0,0,0,0,0,0,0,0,0,0,0,0,0,2,3,2
00360078,넷마블 프로야구 2022,0,0,0,0,0,0,0,0,0,0,0,0,0,0,0,0,0,0,0,0,0,0,0
00360079,미르M,0,0,0,0,0,0,0,0,0,0,0,0,0,0,0,0,0,0,0,0,0,0,0
00360080,우마무스메 프리티 더비,0,0,0,0,0,0,0,0,0,0,0,0,0,0,0,0,0,0,0,0,0,0,0
00360081,세븐나이츠 레볼루션,0,0,0,0,0,0,0,0,0,0,0,0,0,0,0,0,0,0,0,0,0,0,0
00360082,히트2,0,0,0,0,0,0,0,0,0,0,0,0,0,0,0,0,0,0,0,0,0,0,0
00360083,미틱 히어로즈,0,0,0,0,0,0,0,0,0,0,0,0,0,0,0,0,0,0,0,0,0,0,0
00360084,문명: Reign of Power,0,0,0,0,0,0,0,0,0,0,0,0,0,0,0,0,0,0,0,0,0,0,0
00360085,라그나로크X,0,0,0,0,0,0,0,0,0,0,0,0,0,0,0,0,0,0,0,0,0,0,0
00360086,디스라이트,0,0,0,0,0,0,0,0,0,0,0,0,0,0,0,0,0,0,0,0,0,0,0
00360087,AFK아레나,0,0,0,0,0,0,0,0,0,0,0,0,0,0,0,0,0,0,0,0,0,0,0
00360088,나이트 크로우,0,0,0,0,0,0,0,0,0,0,0,0,0,0,0,0,0,0,0,0,0,0,0
00360089,아레스: 라이즈 오브 가디언즈,0,0,0,0,0,0,0,0,0,0,0,0,0,0,0,0,0,0,0,0,0,0,0
00360090,디펜스 더비,0,0,0,0,0,0,0,0,0,0,0,0,0,0,0,0,0,0,0,0,0,0,0
00360091,진·삼국무쌍 M,0,0,0,0,0,0,0,0,0,0,0,0,0,0,0,0,0,0,0,0,0,0,0
00360092,승리의 여신: 니케,5,0,0,0,0,0,0,0,0,0,0,0,0,2,3,0,0,0,0,0,0,0,0
00360093,블루 아카이브,0,0,0,0,0,0,0,0,0,0,0,0,0,0,0,0,0,0,0,0,0,0,0
00360094,붕괴: 스타레일,0,0,0,0,0,0,0,0,0,0,0,0,0,0,0,0,0,0,0,0,0,0,0
00360095,나 혼자만 레벨업:ARISE,0,0,0,0,0,0,0,0,0,0,0,0,0,0,0,0,0,0,0,0,0,0,0
00360096,롬: 리멤버 오브 마제스티,0,0,0,0,0,0,0,0,0,0,0,0,0,0,0,0,0,0,0,0,0,0,0
00360097,아스달 연대기: 세 개의 세력,0,0,0,0,0,0,0,0,0,0,0,0,0,0,0,0,0,0,0,0,0,0,0
00360098,서머너즈 워: 천공의 아레나,23,19,15,37,20,0,0,0,0,0,0,0,0,0,0,0,0,0,0,0,0,11,21
00360099,레이븐2,0,0,0,0,0,0,0,0,0,0,0,0,0,0,0,0,0,0,0,0,0,0,0
00360100,명조: 워더링 웨이브,10,11,10,10,1,0,0,0,0,0,0,0,0,0,0,0,0,0,0,0,0,0,0
00360101,로드나인,0,0,0,0,0,0,0,0,0,0,0,0,0,0,0,2,1,316,334,0,0,0,0
00360102,젠레스 존 제로,0,0,0,0,0,0,0,0,0,0,0,0,0,0,0,0,0,0,0,0,0,0,0
00360103,콜 오브 듀티: 모바일,0,0,0,0,0,0,0,0,0,0,0,0,0,0,0,0,0,0,0,0,0,0,0
00360104,에이지 오브 엠파이어 모바일,0,0,0,0,0,0,0,0,0,0,0,0,0,0,0,0,0,0,0,0,0,0,0
00360105,포켓몬 카드 게임 Pocket,0,0,0,0,0,0,0,0,0,0,0,0,0,0,0,0,0,0,0,0,0,0,0
00360106,지천,0,0,0,0,0,0,0,0,0,0,0,0,0,0,0,0,0,0,0,0,0,0,0
00360107,명일방주,0,0,0,0,0,0,0,0,0,0,0,0,0,0,0,0,0,0,0,0,0,0,0
00360108,발할라 서바이벌,0,0,0,0,0,0,0,0,0,0,0,0,0,0,0,0,0,0,0,0,0,0,0
00360109,레이튼 교수와 이상한 마을 HD,0,0,0,0,0,0,0,0,0,0,0,0,0,0,0,0,0,0,0,0,0,0,0
00360110,레이튼 교수와 악마의 상자 HD,0,0,0,0,0,0,0,0,0,0,0,0,0,0,0,0,0,0,0,0,0,0,0
00360111,레전드 오브 이미르,0,0,0,0,0,0,0,0,0,0,0,0,0,0,0,0,0,0,0,0,0,0,0
00360113,마비노기 모바일,246,337,266,289,228,117,102,159,157,144,140,114,106,47,54,69,95,75,65,59,57,130,210
00360114,컴투스프로야구V25,0,0,2,4,5,3,0,0,0,0,0,0,0,0,0,,4,2,0,0,0,0,0
00360115,쿠키런: 오븐스매시,0,0,0,0,0,0,0,0,0,0,0,0,0,0,0,0,0,0,0,0,0,0,0
00360116,작혼: 리치 마작,0,0,0,0,0,0,0,0,0,0,0,0,0,0,0,0,0,0,0,0,0,0,0
00360117,세븐나이츠 리버스,5,24,5,4,0,0,0,0,0,0,0,0,0,0,0,0,0,4,4,4,8,27,26
00360118,제5인격,0,0,0,0,0,0,0,0,0,0,0,0,0,0,0,0,0,0,0,0,0,0,0
00360119,EA SPORTS FC 모바일,0,0,0,0,0,0,0,0,0,0,0,0,0,0,0,0,0,0,0,0,0,0,0
00360120,메이플스토리M,0,0,0,0,0,0,0,0,0,0,0,0,0,0,0,0,0,0,0,2,4,5,0
00360121,뱀피르,862,338,326,326,300,262,224,196,190,176,185,242,187,55,69,86,78,86,97,57,70,89,91
00370010,챔피언스리그,0,0,0,0,0,0,0,0,0,0,0,0,0,0,0,0,0,0,0,0,0,0,0
00370011,프리미어리그,34,0,0,3,2,0,0,0,2,1,1,1,1,0,0,0,0,0,0,0,73,48,0
00390003,JTBC,19,15,16,8,7,10,9,8,7,5,4,5,6,7,10,10,12,8,8,377,368,324,14
00390004,MBN,6,18,43,43,9,4,3,3,4,2,2,22,38,7,5,8,6,5,9,13,9,29,13
00390006,TV CHOSUN,6,33,8,8,5,4,3,4,4,4,3,4,5,6,5,26,8,35,10,39,37,6,8
00390013,연합뉴스,26,236,234,242,62,65,62,65,64,78,82,583,79,104,434,468,55,454,58,35,35,34,36
00390024,YTN LIVE,384,94,108,69,241,222,208,234,249,293,424,147,579,581,202,121,566,98,510,89,86,123,395
00410000,전국체전,0,0,0,0,0,0,0,0,0,0,0,0,0,0,0,0,0,0,0,0,0,0,0
00570002,당구,10,12,0,0,0,0,0,0,0,0,0,0,0,0,0,0,0,0,0,0,0,0,0
00570003,피트니스,20,929,1008,1009,72,73,76,107,0,0,0,0,0,0,0,0,6,2,2,20,25,21,21
00570004,토크/분석,90,624,76,39,27,15,14,14,14,9,0,0,4,13,20,118,281,735,619,1624,630,44,61
00570005,기타 스포츠,14,1,2,1,0,1,2,1,1,19,19,20,16,15,13,15,16,12,12,12,13,10,11
00570006,볼링,0,0,0,0,,1,1,1,0,0,0,0,0,0,0,0,0,0,0,0,0,0,0
00570007,골프,1,1,1,1,1,1,1,1,1,2,1,1,1,1,1,1,2,14,14,15,1,2,1
00570013,마인드 스포츠,15213,3514,43,41,18,12,11,8,8,10,8,10,8,10,11,18,18,17,17,12,14,23,27
00570014,럭비,0,0,0,0,0,0,0,0,0,0,0,0,0,0,0,0,0,0,0,0,0,0,0
00570015,라크로스,0,0,0,0,0,0,0,0,0,0,0,0,0,34,10,5,9,19,5,0,0,0,0
00570016,스쿼시,0,0,0,0,0,0,0,0,0,0,0,0,0,0,0,0,0,0,0,0,0,0,0
00570017,배드민턴,0,0,0,0,0,0,0,0,0,0,0,0,0,0,0,0,0,0,0,0,0,0,0
00580000,펫방,61,97,102,91,58,33,32,34,35,34,33,36,37,42,42,44,45,46,39,33,33,39,42
00590000,더빙/라디오,489,592,744,765,751,705,608,511,448,270,253,272,268,300,303,301,246,281,271,321,347,367,415
00670000,낚시,381,308,262,227,102,75,53,5,5,14,11,18,27,66,81,61,205,317,385,368,148,152,363
00720000,LCK,1935,2287,345,2,1,0,2,3,2,2,3,4,0,0,0,0,1338,1573,98,65026,81468,85595,26874
00740000,여행,2592,3295,3300,2656,2123,1804,805,321,170,138,237,145,180,447,683,1512,2323,3109,3433,3246,2199,2635,2496
00800000,WWE,49,88,126,22,23,24,24,17,18,20,20,14,17,585,17,23,18,18,21,24,25,26,30
00810000,버추얼,11199,16868,21363,12529,6651,6023,4694,3261,2188,3439,1904,1711,1060,1276,1650,4540,5331,5802,9321,6844,5960,7390,16597
00840001,아마 야구,24,0,0,0,0,0,0,0,0,0,0,0,4,16,49,92,77,72,156,211,185,48,0
00840002,아마 축구,0,0,0,0,0,0,0,0,0,0,0,0,0,0,0,0,0,0,0,0,5,1,0
00840003,아마 배구,0,0,0,0,0,0,0,0,0,0,0,0,0,0,0,0,0,4,7,2,3,3,4
00840004,아마 농구,0,0,0,0,0,0,0,0,0,0,0,0,0,0,0,0,0,0,0,0,0,2,5
00880000,SOOPER LEAGUE,2,3,2,2,2,2,2,2,2,2,2,2,2,2,2,2,2,0,0,0,0,0,0
00940008,전설의 고향,113,62,57,51,56,34,34,31,32,30,30,26,32,45,45,53,43,40,39,40,37,34,34
00940009,시그널,292,3720,4475,2380,2678,952,390,171,158,158,202,218,294,429,637,884,951,1097,504,278,1889,2058,2233
00960016,연가시,15,40,53,29,9,28,32,48,18,0,0,0,0,0,10,8,0,24,28,14,0,0,0
00970000,장애인스포츠,0,0,1,2,0,0,0,0,0,0,0,0,0,0,0,0,2,3,10,11,6,0,0
00980000,모터스포츠,0,0,0,0,0,0,0,0,0,0,0,0,0,0,0,0,0,0,0,0,0,0,0
