captured_at_utc,40070__286801798,40070__286842666,40070__286912722,40070__286924268,40070__286955214,40070__286956456,40070__286957298,40070__286958056,40070__286958468,40070__286958534,40070__286958586,40070__286958592,40070__286959294,40070__286959344,40070__286959518,40070__286959776,40070__286959798,40070__286959816,40070__286959932,40070__286960022,40070__286960040,40070__286960142,40070__286960820,40070__286961260,40070__286961892,40070__286962092,40070__286962152,40070__286962880,40070__286963030,40070__286963140,40070__286963284,40070__286963326,40070__286963590,40070__286963836,40070__286964006,40070__286964352,40070__286964560,40070__286964584,40070__286964700,40070__286964882,40070__286965694,40070__286965922,40070__286965956,40070__286966062,40070__286966436,40070__286966858,40070__286966872,40070__286966952,40070__286967362,40070__286967736,40070__286968162,40070__286968186,40070__286968390,40070__286968432,40070__286968508,40070__286968716,40070__286968724,40070__286968808,40070__286968830,40070__286969096,40070__286969292,40070__286969320,40070__286969390,40070__286969790,40070__286969818,40070__286969954,40070__286970096,40070__286970252,40070__286970260,40070__286970282,40070__286970292,40070__286970414,40070__286970454,40070__286970628,40070__286970646,40070__286970692,40070__286971234,40070__286971392,40070__286971466,40070__286971476,40070__286971898,40070__286972206,40070__286972208,40070__286972350,40070__286972440,40070__286973318,40070__286973348,40070__286973428,40070__286973476,40070__286973684,40070__286973830,40070__286974328,40070__286974692,40070__286975896,40070__286976066,40070__286976128,40070__286976278,40070__286976474,40070__286976588,40070__286976850,810000__286928154,810000__286928166,810000__286928220,810000__286928822,810000__286928838,810000__286929656,810000__286929820,810000__286939222,810000__286951194,810000__286951644,810000__286954224,810000__286954484,810000__286954960,810000__286955364,810000__286955852,810000__286956094,810000__286956192,810000__286956242,810000__286956326,810000__286956508,810000__286956796,810000__286956940,810000__286957204,810000__286957232,810000__286957238,810000__286957250,810000__286957404,810000__286957464,810000__286957714,810000__286957740,810000__286957816,810000__286957980,810000__286958006,810000__286958430,810000__286958436,810000__286958444,810000__286958474,810000__286958492,810000__286958502,810000__286958520,810000__286958556,810000__286958558,810000__286958562,810000__286958578,810000__286958590,810000__286958682,810000__286958762,810000__286958848,810000__286959212,810000__286959260,810000__286959318,810000__286959330,810000__286959378,810000__286959400,810000__286959444,810000__286959466,810000__286959474,810000__286959736,810000__286959898,810000__286959930,810000__286960016,810000__286960050,810000__286960070,810000__286960074,810000__286960080,810000__286960090,810000__286960092,810000__286960094,810000__286960096,810000__286960122,810000__286960144,810000__286960200,810000__286960232,810000__286960236,810000__286960242,810000__286960284,810000__286960286,810000__286960354,810000__286960466,810000__286960624,810000__286960848,810000__286960936,810000__286960968,810000__286960974,810000__286960988,810000__286960998,810000__286961162,810000__286961198,810000__286961200,810000__286961256,810000__286961318,810000__286961418,810000__286961428,810000__286961436,810000__286961486,810000__286961588,810000__286961668,810000__286961676,810000__286961720,810000__286961790,810000__286961794,810000__286961826,810000__286961840,810000__286961854,810000__286961910,810000__286961912,810000__286961932,810000__286961948,810000__286961982,810000__286961992,810000__286961998,810000__286962000,810000__286962004,810000__286962008,810000__286962010,810000__286962012,810000__286962024,810000__286962030,810000__286962042,810000__286962056,810000__286962060,810000__286962066,810000__286962084,810000__286962094,810000__286962128,810000__286962144,810000__286962148,810000__286962164,810000__286962196,810000__286962198,810000__286962210,810000__286962222,810000__286962224,810000__286962260,810000__286962452,810000__286962758,810000__286963026,810000__286963036,810000__286963048,810000__286963100,810000__286963102,810000__286963106,810000__286963114,810000__286963164,810000__286963194,810000__286963196,810000__286963222,810000__286963230,810000__286963250,810000__286963268,810000__286963286,810000__286963288,810000__286963332,810000__286963592,810000__286963784,810000__286963850,810000__286963870,810000__286963928,810000__286964070,810000__286964076,810000__286964082,810000__286964090,810000__286964102,810000__286964214,810000__286964268,810000__286964276,810000__286964282,810000__286964284,810000__286964310,810000__286964330,810000__286964338,810000__286964344,810000__286964360,810000__286964364,810000__286964380,810000__286964382,810000__286964388,810000__286964408,810000__286964412,810000__286964432,810000__286964440,810000__286964442,810000__286964446,810000__286964450,810000__286964458,810000__286964482,810000__286964490,810000__286964494,810000__286964500,810000__286964502,810000__286964540,810000__286964542,810000__286964552,810000__286964582,810000__286964590,810000__286964594,810000__286964598,810000__286964602,810000__286964606,810000__286964612,810000__286964622,810000__286964632,810000__286964656,810000__286964686,810000__286964692,810000__286964708,810000__286964744,810000__286964820,810000__286964822,810000__286964824,810000__286964852,810000__286964896,810000__286964912,810000__286964956,810000__286965006,810000__286965046,810000__286965060,810000__286965068,810000__286965116,810000__286965138,810000__286965190,810000__286965216,810000__286965298,810000__286965348,810000__286965448,810000__286965480,810000__286965522,810000__286965538,810000__286965546,810000__286965824,810000__286965918,810000__286965942,810000__286965950,810000__286965978,810000__286965994,810000__286966002,810000__286966004,810000__286966078,810000__286966090,810000__286966226,810000__286966336,810000__286966442,810000__286966444,810000__286966634,810000__286966658,810000__286966758,810000__286966880,810000__286967032,810000__286967094,810000__286967110,810000__286967126,810000__286967136,810000__286967154,810000__286967184,810000__286967204,810000__286967208,810000__286967236,810000__286967254,810000__286967282,810000__286967320,810000__286967322,810000__286967370,810000__286967390,810000__286967394,810000__286967398,810000__286967404,810000__286967412,810000__286967414,810000__286967434,810000__286967442,810000__286967444,810000__286967450,810000__286967478,810000__286967480,810000__286967500,810000__286967524,810000__286967528,810000__286967532,810000__286967540,810000__286967578,810000__286967628,810000__286967732,810000__286967820,810000__286967856,810000__286968020,810000__286968028,810000__286968034,810000__286968058,810000__286968134,810000__286968154,810000__286968188,810000__286968226,810000__286968338,810000__286968346,810000__286968472,810000__286968488,810000__286968526,810000__286968612,810000__286968664,810000__286968670,810000__286968672,810000__286968674,810000__286968692,810000__286968698,810000__286968702,810000__286968718,810000__286968758,810000__286968842,810000__286968928,810000__286968966,810000__286969060,810000__286969086,810000__286969094,810000__286969270,810000__286969362,810000__286969410,810000__286969432,810000__286969480,810000__286969490,810000__286969626,810000__286969698,810000__286969714,810000__286969742,810000__286969746,810000__286969766,810000__286969784,810000__286969794,810000__286969816,810000__286969828,810000__286969830,810000__286969852,810000__286969862,810000__286969870,810000__286969872,810000__286969894,810000__286969896,810000__286970038,810000__286970054,810000__286970088,810000__286970092,810000__286970148,810000__286970226,810000__286970344,810000__286970346,810000__286970406,810000__286970590,810000__286970670,810000__286970674,810000__286970702,810000__286970760,810000__286971370,810000__286971468,810000__286971536,810000__286971538,810000__286971590,810000__286971602,810000__286971638,810000__286971640,810000__286971644,810000__286971738,810000__286971776,810000__286971910,810000__286971926,810000__286971934,810000__286971936,810000__286971942,810000__286971998,810000__286972034,810000__286972238,810000__286972262,810000__286972276,810000__286972334,810000__286972358,810000__286972420,810000__286972438,810000__286972516,810000__286972574,810000__286972680,810000__286972778,810000__286972856,810000__286972866,810000__286972930,810000__286972936,810000__286972992,810000__286973286,810000__286973306,810000__286973326,810000__286973540,810000__286973614,810000__286973710,810000__286973762,810000__286973806,810000__286973838,810000__286973880,810000__286974126,810000__286974622,810000__286974696,810000__286974738,810000__286974794,810000__286974858,810000__286974864,810000__286975110,810000__286975232,810000__286975296,810000__286975320,810000__286975386,810000__286975560,810000__286975626,810000__286975908,810000__286975940,810000__286975994,810000__286976018,810000__286976042,810000__286976112,810000__286976174,810000__286976204,810000__286976234,810000__286976260,810000__286976270,810000__286976300,810000__286976324,810000__286976336,810000__286976346,810000__286976352,810000__286976456,810000__286976490,810000__286976508,810000__286976524,810000__286976528,810000__286976678,810000__286976708,810000__286976720,810000__286976728,810000__286976738,810000__286976746,810000__286976852
2025-08-25 13:00:00+00:00,8,19,17,5,4,0,109,96,2,3775,11,7,15,160,138,10,247,3,195,15,231,16,1,2,16,32,7,17,10,15,21,8,3,40,12,10,16,6,7,13,10,10,13,13,17,8,27,11,1,4,1,7,6,3,70,28,5,72,15,9,2,1,5,5,2,39,30,2,1,2,18,3,21,0,4,3,0,0,0,0,0,0,0,0,0,0,0,0,0,0,0,0,0,0,0,0,0,0,0,0,18,50,22,26,32,50,68,8,0,255,8,4,59,1,23,89,82,0,20,20,0,82,15,37,793,0,147,18,16,0,0,10,150,8,11,46,18,0,62,0,0,0,16,0,242,7376,64,25,22,15,0,153,88,30,4,8,34,15,0,20,70,23,0,13,18,48,21,23,112,10,0,0,15,99,13,9,0,0,36,17,23,0,8,17,25,0,0,17,138,25,30,8,3,10,7,0,0,58,1,99,60,14,15,22,26,12,24,16,0,74,11,0,15,46,30,22,12,0,40,0,6,9,71,8,0,28,32,16,85,226,40,332,18,4,57,3,415,54,0,0,10,0,18,26,10,78,26,5,0,27,15,47,15,14,14,0,10,14,10,73,24,0,169,3,16,14,8,25,29,14,13,7,10,230,12,2,22,10,0,73,22,28,20,0,15,36,7,0,17,11,19,13,11,17,26,26,15,16,11,9,33,15,61,0,3,19,37,0,0,0,16,0,3,6,12,145,54,13,16,0,10,2,51,19,18,17,20,4,11,9,13,21,13,136,30,6,0,0,16,40,8,17,54,21,13,24,3,6,18,8,11,5,16,19,11,10,1,17,18,18,17,13,19,9,51,13,10,14,26,14,19,41,10,11,17,4,6,12,8,11,20,7,6,6,111,21,8,0,14,83,3,144,8,9,3,11,20,22,10,13,10,13,18,7,28,13,25,46,41,3,4,2932,7,2,8,16,7,4,7,1,4,4,0,1,2,2,3,2,3,3,0,13,11,9,8,10,10,3,5,73,1,10,0,6,15,20,1,2,5,0,0,0,0,0,0,0,0,0,0,0,0,0,0,0,0,0,0,0,0,0,0,0,0,0,0,0,0,0,0,0,0,0,0,0,0,0,0,0,0,0,0,0,0,0,0,0,0,0,0,0,0,0,0,0,0,0,0,0,0,0,0,0,0,0,0,0,0,0,0,0,0,0,0,0,0,0,0,0,0,0,0,0,0,0,0,0
2025-08-25 14:00:00+00:00,5,20,15,5,5,0,41,50,1,2842,0,4,0,61,92,14,180,4,61,15,0,17,1,2,0,35,6,12,11,13,20,0,5,0,11,0,0,6,9,0,12,7,0,13,21,8,37,12,0,0,0,0,7,6,63,53,9,100,27,11,2,1,10,0,30,65,49,2,3,0,23,0,18,0,3,9,0,4,7,13,2,0,0,0,0,0,0,0,0,0,0,0,0,0,0,0,0,0,0,0,14,46,23,27,31,54,61,7,40,208,10,4,0,0,22,81,80,0,19,20,10,0,15,38,0,0,0,16,15,0,25,11,156,9,0,0,17,0,58,0,0,0,15,14,235,0,57,25,17,0,0,157,81,24,0,5,37,13,0,18,0,24,0,0,19,45,24,27,96,0,0,0,13,116,12,0,0,0,0,16,24,16,0,17,21,0,0,0,128,26,25,9,0,8,10,0,0,0,1,125,0,7,0,23,25,14,25,15,0,92,12,24,0,45,38,21,13,0,0,8,0,10,39,11,0,27,31,16,89,115,40,338,18,0,55,4,359,45,0,0,8,37,21,30,10,75,26,6,0,27,21,26,19,14,12,0,12,18,9,73,29,0,0,0,17,12,0,32,26,9,9,0,10,274,12,2,20,9,0,80,19,23,19,13,14,40,8,0,17,10,18,13,12,0,29,30,17,15,11,0,39,16,61,0,3,0,36,0,0,2,15,0,0,6,12,141,53,18,16,0,0,2,47,22,24,18,20,4,9,11,10,17,0,153,0,8,14,0,18,0,9,18,63,22,0,0,4,0,23,11,10,5,19,16,9,0,2,11,20,17,0,0,17,6,48,13,21,0,25,0,35,50,10,9,17,0,8,10,0,12,22,10,7,10,0,0,9,0,17,72,0,0,7,7,2,14,25,0,0,15,10,0,21,9,30,0,26,57,37,6,6,3783,10,2,0,0,7,0,0,0,9,4,3,0,7,15,16,18,9,27,51,14,7,13,11,8,0,6,5,83,4,13,0,0,0,0,3,6,20,17,26,7,6,2,0,9,15,0,6,4,16,5,1,9,2,7,28,5,0,0,0,0,0,0,0,0,0,0,0,0,0,0,0,0,0,0,0,0,0,0,0,0,0,0,0,0,0,0,0,0,0,0,0,0,0,0,0,0,0,0,0,0,0,0,0,0,0,0,0,0,0,0,0,0,0,0,0,0,0,0,0,0,0,0,0,0
2025-08-25 15:00:00+00:00,3,16,0,7,6,0,0,42,1,2390,0,0,0,46,65,10,190,5,70,12,0,14,1,0,0,30,7,0,13,14,23,0,2,0,10,0,0,0,7,0,11,0,0,0,24,10,42,12,0,0,0,0,8,5,54,46,8,75,19,12,0,1,9,0,27,95,46,0,3,0,19,0,17,2,0,10,1,4,4,0,2,8,2,4,5,1,0,0,0,0,0,0,0,0,0,0,0,0,0,0,14,44,20,25,28,50,59,5,0,199,9,6,0,0,27,71,78,0,19,20,10,0,14,34,0,0,0,16,14,6,0,13,128,8,0,0,18,0,0,215,31,0,0,13,201,0,0,29,20,0,0,131,77,0,0,0,39,0,0,19,0,22,0,0,20,46,25,0,100,0,0,31,12,0,0,0,18,0,0,14,0,16,0,19,20,0,0,0,70,27,42,10,0,5,0,5241,0,0,0,113,0,7,0,0,30,11,28,16,103,0,12,19,0,50,37,23,13,7,0,0,0,0,38,10,0,26,31,14,93,89,49,326,19,0,50,7,382,41,0,0,10,0,20,26,15,48,0,3,12,27,0,0,15,16,0,0,8,0,14,69,26,0,0,0,21,17,0,0,26,12,8,0,11,242,9,0,21,8,15,0,18,24,18,17,14,39,9,0,16,10,17,0,14,0,0,0,19,14,0,0,39,13,55,0,2,0,35,126,11,0,20,0,0,0,0,125,58,16,14,0,0,0,0,19,0,16,20,4,0,15,0,19,0,121,22,9,0,0,21,0,0,17,50,20,0,0,3,0,25,11,6,4,25,0,9,0,0,15,18,17,0,0,20,10,0,15,22,0,27,0,23,54,9,8,19,0,12,11,0,10,21,0,9,11,0,0,11,0,17,0,0,0,10,0,2,0,0,0,0,16,13,0,19,0,32,0,31,51,34,5,0,3901,10,2,0,0,6,0,0,1,0,3,3,0,7,18,15,21,9,0,54,16,12,0,13,5,0,4,0,81,0,15,0,6,0,45,2,7,23,0,0,7,6,4,8,14,24,0,5,4,0,0,1,0,0,0,71,5,4,25,48,5,3,7,11,0,18,6,17,14,4,7,4,12,5,4,0,0,0,0,0,0,0,0,0,0,0,0,0,0,0,0,0,0,0,0,0,0,0,0,0,0,0,0,0,0,0,0,0,0,0,0,0,0,0,0,0,0,0,0,0,0,0,0,0,0
2025-08-25 16:00:00+00:00,3,8,0,8,3,0,0,41,0,0,0,0,0,40,0,11,246,6,57,0,0,0,0,0,0,26,0,0,10,9,24,0,3,0,13,0,0,0,0,0,12,0,0,0,25,0,37,0,0,0,0,0,0,8,59,58,8,76,27,0,0,0,8,0,56,0,40,0,0,0,24,0,37,0,0,16,0,0,4,0,0,11,2,4,0,0,15,2,10,7,2,1,0,0,0,0,0,0,0,0,12,41,17,24,32,54,54,4,0,0,8,4,0,0,25,0,70,0,18,19,0,0,14,30,0,11,0,0,18,6,0,12,123,0,0,0,18,0,0,0,0,0,0,0,0,0,0,0,13,0,0,138,69,0,0,0,33,0,0,20,0,22,0,0,13,0,0,0,79,0,0,35,12,0,0,0,0,0,0,14,0,0,0,19,19,0,0,0,55,30,25,10,0,0,0,4979,0,0,0,99,0,0,0,0,26,11,26,15,0,0,0,19,0,0,27,0,0,0,0,0,0,0,31,9,0,26,25,15,0,68,45,314,0,0,46,5,251,0,14,15,0,0,22,25,0,47,0,0,18,30,0,0,16,15,0,0,0,0,0,59,26,0,0,0,16,15,0,0,27,0,9,0,0,236,0,0,26,5,0,0,18,22,0,0,0,38,7,0,18,11,18,0,0,0,0,0,23,11,0,0,38,13,60,0,0,0,33,84,0,0,20,0,0,0,0,0,0,13,14,0,0,0,0,18,0,0,0,0,0,13,0,16,0,107,0,0,0,11,0,0,0,19,0,21,0,0,0,0,25,10,8,0,0,0,0,0,0,14,20,0,0,0,20,7,0,13,15,0,21,0,18,42,0,7,17,0,11,7,0,0,17,0,9,11,0,0,10,11,11,0,0,0,10,0,0,0,0,28,0,18,14,0,19,0,30,0,0,51,0,5,0,0,8,0,0,0,0,0,0,0,0,3,3,0,5,0,15,18,10,0,52,0,11,0,13,0,0,5,0,70,0,13,10,6,0,49,3,0,0,0,29,9,7,0,0,0,0,12,8,0,0,0,1,0,0,0,60,0,0,0,60,4,3,11,0,0,25,7,22,10,4,6,5,13,9,0,3,8,2,10,0,12,14,10,37,0,0,0,0,0,0,0,0,0,0,0,0,0,0,0,0,0,0,0,0,0,0,0,0,0,0,0,0,0,0,0,0,0,0,0,0,0,0,0,0,0
2025-08-25 17:00:00+00:00,3,9,0,7,3,6848,0,0,0,0,0,0,0,38,0,0,199,6,51,0,0,0,0,0,0,25,0,0,9,0,24,0,2,0,9,0,0,0,0,0,15,0,0,0,27,0,33,0,0,0,0,0,0,7,0,56,7,0,38,0,0,0,9,0,0,0,31,0,0,0,25,0,41,0,0,15,0,0,5,0,0,10,0,3,0,0,13,0,7,8,0,8,1,0,0,0,0,0,0,0,12,44,16,25,30,54,49,4,0,0,7,3,0,0,16,0,61,15,17,19,0,0,0,29,0,0,0,0,0,6,0,11,155,0,0,0,16,0,0,0,0,0,0,0,0,0,0,0,18,0,0,62,67,0,0,0,33,0,0,19,0,21,0,0,0,0,0,0,103,0,0,34,9,0,0,0,0,0,0,11,0,0,0,0,23,0,0,0,55,27,26,0,0,0,0,0,0,0,0,97,0,0,0,0,18,11,28,0,0,0,0,23,0,0,34,0,0,0,0,0,0,0,29,10,34,23,25,12,0,65,43,0,0,0,40,3,237,0,0,0,0,0,21,0,0,0,0,0,13,0,0,0,17,13,0,27,0,0,0,60,0,0,0,0,16,19,0,0,24,0,10,0,0,257,0,0,25,7,0,0,14,21,0,0,0,0,0,38,20,8,16,0,0,0,0,0,22,0,0,0,38,0,0,24,0,0,0,74,0,0,22,0,0,0,10,0,0,13,17,0,0,0,0,0,0,0,0,0,0,14,0,14,0,103,0,0,0,0,0,0,0,20,0,0,0,0,0,0,26,9,6,0,0,0,0,0,0,16,17,0,0,0,21,11,0,12,0,0,0,0,23,49,0,11,16,0,0,0,0,0,0,0,0,10,0,0,12,0,0,0,0,0,9,0,0,0,0,30,0,0,0,0,21,0,36,0,0,69,0,5,0,0,0,0,0,0,0,0,0,0,0,0,4,0,9,0,15,19,12,0,46,0,12,0,14,0,0,4,0,0,0,0,0,7,0,42,2,0,0,0,29,10,7,0,0,0,0,0,0,0,0,0,1,0,0,0,75,0,0,18,76,0,4,11,0,0,26,0,22,11,0,0,4,17,0,0,2,6,2,13,0,14,0,11,56,11,9,4,0,0,0,0,0,0,0,0,0,0,0,0,0,0,0,0,0,0,0,0,0,0,0,0,0,0,0,0,0,0,0,0,0,0,0,0,0,0
2025-08-25 18:00:00+00:00,4,11,0,6,0,0,0,0,0,0,0,0,0,29,0,0,0,0,0,0,0,0,0,0,0,22,0,0,7,0,0,0,0,0,10,0,0,0,0,0,0,0,0,0,0,0,0,0,0,0,0,0,0,0,0,58,5,0,53,0,0,0,0,0,0,0,0,0,0,0,28,0,63,0,0,0,0,0,5,0,0,8,0,3,0,0,16,0,7,10,0,11,1,0,0,0,0,0,0,0,14,40,12,24,28,57,48,0,0,0,0,4,0,0,20,0,59,0,0,18,0,0,0,0,0,0,0,0,0,9,0,10,136,0,0,0,14,0,0,0,0,0,0,0,0,0,0,0,11,0,0,0,62,0,0,0,33,0,0,18,0,0,0,0,0,0,0,0,94,0,12,0,0,0,0,0,0,0,0,9,0,0,0,0,26,0,12,0,40,34,28,0,0,0,0,0,17,0,0,91,0,0,0,0,0,0,28,0,0,0,0,0,0,0,24,0,0,0,0,0,0,0,24,0,0,0,22,13,0,64,0,0,0,0,35,0,0,0,0,0,0,0,19,0,0,0,0,0,13,0,0,0,0,15,0,27,0,0,0,48,0,0,0,0,0,22,0,0,0,0,0,0,0,238,0,0,20,7,0,0,19,19,0,0,0,0,0,27,11,0,14,0,0,0,0,0,0,0,0,0,41,0,0,0,0,0,0,74,0,0,20,31,0,0,0,0,0,14,0,0,0,0,0,0,0,0,0,0,0,13,0,15,0,92,0,0,0,0,0,0,0,20,0,0,0,0,0,0,29,13,11,0,0,0,0,0,0,0,0,0,0,0,0,10,0,10,0,0,0,0,0,0,0,0,0,0,0,0,0,0,0,0,0,8,0,24,0,0,0,0,0,0,9,0,0,0,0,30,0,0,0,0,20,0,0,0,0,0,0,0,0,0,0,0,0,0,0,0,0,0,0,0,4,0,0,0,9,12,0,0,41,0,14,0,12,0,0,5,0,0,0,0,0,0,0,34,0,0,0,0,0,0,10,0,0,16,0,0,0,0,0,0,1,0,0,0,0,0,0,0,95,0,0,0,0,0,0,0,30,0,0,0,4,14,0,0,3,7,0,13,10,0,0,10,0,0,18,8,3,1,34,7,3,3,0,0,0,0,0,0,0,0,0,0,0,0,0,0,0,0,0,0,0,0,0,0,0,0,0,0,0,0,0,0,0,0
2025-08-25 19:00:00+00:00,4,12,0,6,0,0,0,0,0,0,0,0,0,25,0,0,0,0,0,0,0,0,0,0,0,22,0,0,0,0,0,0,0,0,10,0,0,0,0,0,0,0,0,0,0,0,0,0,0,0,0,0,0,0,0,0,7,0,0,0,0,0,0,0,0,0,0,0,0,0,34,0,46,0,0,0,0,0,1,0,0,0,0,0,0,0,0,0,7,10,0,0,0,0,0,0,0,0,0,0,16,42,11,28,28,48,47,0,0,0,0,3,0,0,18,0,63,0,0,17,0,0,0,0,0,0,0,0,0,0,0,8,133,0,0,0,13,0,0,0,0,0,0,0,0,0,0,0,15,0,0,0,60,0,0,0,0,0,0,18,0,0,0,0,0,0,0,0,111,0,10,0,0,0,0,0,0,0,0,0,0,0,0,0,0,0,9,0,0,29,25,0,0,0,0,0,15,0,0,89,0,0,0,0,0,0,0,0,0,0,0,0,0,0,35,0,0,0,0,0,0,0,32,0,0,0,24,0,0,62,0,0,0,0,35,0,0,0,0,0,0,0,19,0,0,0,0,0,0,0,0,0,0,13,0,0,0,0,0,52,0,0,0,0,0,16,0,0,0,0,0,0,0,223,0,0,22,5,0,0,0,18,0,0,0,0,0,0,12,0,16,0,0,14,0,0,0,0,0,0,0,0,0,0,0,0,0,53,0,0,21,0,0,0,0,0,0,14,0,0,0,0,0,0,0,0,0,0,0,0,0,0,0,0,0,0,0,0,0,0,0,20,0,0,0,0,0,0,27,16,12,0,0,0,0,0,0,0,0,0,0,0,0,0,0,9,0,0,0,0,0,0,0,0,0,0,0,0,0,0,0,0,0,8,0,0,0,0,0,0,0,0,15,0,0,0,0,32,0,0,0,0,20,0,0,0,0,0,0,0,0,0,0,0,0,0,0,0,15,0,0,0,4,0,0,0,0,13,0,0,40,0,14,0,0,0,0,5,0,0,0,0,0,0,0,31,0,0,0,0,0,0,0,0,0,17,0,0,0,0,0,0,1,0,0,0,0,0,0,0,97,0,0,0,0,0,0,0,31,0,0,0,4,13,0,0,3,8,0,14,0,0,0,9,0,0,22,7,3,1,37,9,0,9,0,8,5,0,0,0,0,0,0,0,0,0,0,0,0,0,0,0,0,0,0,0,0,0,0,0,0,0,0,0,0,0
2025-08-25 20:00:00+00:00,3,10,0,3,0,0,0,0,0,0,0,0,0,0,0,0,0,0,0,0,0,0,0,0,0,19,0,0,0,0,0,0,0,0,0,0,0,0,0,0,0,0,0,0,0,0,0,0,0,0,0,0,0,0,0,0,9,0,0,0,0,0,0,0,0,0,0,0,0,0,0,0,36,0,0,0,0,0,0,0,0,0,0,0,0,0,0,0,7,9,0,0,0,3,0,0,0,0,0,0,16,44,10,28,30,47,45,0,0,0,0,4,0,0,16,0,0,0,0,20,0,0,0,0,0,0,0,0,0,0,0,9,0,0,0,0,11,26,0,0,0,95,0,0,0,0,0,0,8,0,0,0,52,0,0,0,0,0,52,14,0,0,162,0,0,0,0,0,38,0,0,0,0,0,0,0,0,84,0,0,0,0,0,0,0,83,0,0,0,29,0,0,0,0,0,0,19,0,0,90,0,0,0,0,0,0,0,0,76,0,0,0,0,0,34,0,0,0,0,0,0,0,0,0,0,0,23,0,0,48,0,0,0,0,0,0,0,0,0,0,0,0,0,0,0,0,0,0,0,0,0,0,0,16,0,0,0,0,0,46,0,231,0,0,0,15,0,0,0,0,0,0,0,0,0,0,0,6,0,0,0,16,0,0,0,0,0,0,11,0,14,0,0,0,0,0,0,0,0,0,0,0,0,0,0,0,0,0,0,0,21,0,0,0,0,0,0,0,0,269,0,0,0,0,0,0,0,0,0,0,0,0,0,0,0,0,0,0,0,0,0,0,0,0,0,0,0,0,29,9,0,0,0,0,0,0,0,0,0,0,0,0,0,0,0,8,0,0,0,0,0,0,0,0,0,0,0,0,0,0,0,0,0,0,0,0,0,0,0,0,0,0,11,0,0,0,0,0,0,0,0,0,20,0,0,0,0,0,0,0,0,0,0,0,0,0,0,0,19,0,0,0,2,0,0,0,0,0,0,0,0,0,0,0,0,0,0,5,0,0,0,0,0,0,0,31,0,0,0,0,0,0,0,0,0,0,0,0,0,0,0,0,1,0,0,0,0,0,0,0,93,0,0,0,0,50,0,0,25,0,0,0,0,17,0,0,3,5,0,16,11,0,0,11,0,0,19,0,0,1,0,0,0,7,73,15,0,2,5,0,0,0,0,0,0,0,0,0,0,0,0,0,0,0,0,0,0,0,0,0,0,0,0,0,0,0
2025-08-25 21:00:00+00:00,2,8,0,5,0,0,0,0,0,0,0,0,0,0,0,0,0,0,0,0,0,0,0,0,0,0,0,0,7,0,0,0,0,0,0,0,0,0,0,0,0,0,0,0,0,0,0,0,0,0,0,0,0,0,0,0,0,0,0,0,0,0,0,0,0,0,0,0,0,0,0,0,0,0,0,0,0,0,0,0,0,0,0,0,0,0,0,0,15,11,0,0,0,5,5,1,0,0,0,0,16,33,9,27,25,44,51,0,0,0,0,0,0,0,16,0,0,0,0,20,0,0,0,0,0,0,0,0,0,0,0,8,0,0,0,0,12,25,0,0,0,0,0,0,0,0,0,0,0,0,166,0,0,0,0,0,0,0,0,0,0,0,140,0,0,0,0,0,0,0,0,0,0,0,0,0,0,0,0,0,0,0,0,0,0,101,0,0,0,26,0,0,0,0,0,0,18,0,0,112,0,0,0,0,0,0,0,0,0,0,0,0,0,0,0,0,0,0,0,0,0,0,0,0,0,0,0,0,0,0,0,0,0,0,0,0,0,0,0,0,0,0,0,0,0,0,0,0,0,0,0,0,0,17,0,0,0,0,0,40,0,436,0,0,0,15,0,0,0,0,0,0,0,0,0,0,0,4,0,0,0,14,0,0,0,0,0,0,0,0,14,0,0,0,0,0,0,0,0,0,0,0,0,0,0,0,0,0,0,0,15,0,0,0,0,0,0,0,0,0,0,0,0,0,0,0,0,0,0,0,0,0,0,0,0,0,0,0,0,0,0,0,0,0,0,0,0,0,27,0,0,0,0,0,0,0,0,0,0,0,0,0,0,0,0,8,0,0,0,0,0,0,0,0,0,0,0,0,0,0,0,0,0,0,0,0,0,0,0,0,0,0,9,0,0,0,0,0,0,0,0,0,21,0,0,0,0,0,0,0,0,0,0,0,0,0,0,0,21,0,0,0,0,0,0,0,0,0,0,0,0,0,0,0,0,0,0,3,0,0,0,0,0,0,0,0,0,0,0,0,0,0,0,0,0,0,0,0,0,0,0,0,0,0,0,0,0,0,0,0,91,0,0,0,0,0,0,0,0,0,0,0,0,0,0,0,0,4,0,17,0,0,0,13,0,0,18,0,0,2,0,0,0,4,0,0,0,0,15,2,6,10,18,7,0,0,0,0,0,0,0,0,0,0,0,0,0,0,0,0,0,0,0,0,0,0
2025-08-25 22:00:00+00:00,3,10,0,4,0,0,0,0,0,0,0,0,0,0,0,0,0,0,0,0,0,0,0,0,0,0,0,0,0,0,0,0,0,0,0,0,0,0,0,0,0,0,0,0,0,0,0,0,0,0,0,0,0,0,0,0,0,0,0,0,0,0,0,0,0,0,0,0,0,0,0,0,0,0,0,0,0,0,0,0,0,0,0,0,0,0,0,0,0,14,0,0,0,6,10,1,1,0,0,0,17,29,12,21,24,36,50,0,0,0,0,0,0,0,18,0,0,0,0,23,0,0,0,0,0,0,0,0,0,0,0,6,0,0,0,0,12,0,0,0,0,0,0,0,0,0,0,0,0,0,0,0,0,0,0,0,0,0,0,0,0,0,139,0,0,0,0,0,0,0,0,0,0,0,0,0,0,0,0,0,0,0,0,0,0,113,0,0,0,0,0,0,0,0,0,0,18,0,0,0,0,0,0,0,0,0,0,0,0,0,0,0,0,0,0,0,0,0,0,0,0,0,0,0,0,0,0,0,0,0,0,0,0,0,0,0,0,0,0,0,0,0,0,0,0,0,0,0,0,0,0,0,0,0,0,0,0,0,0,38,0,533,0,0,0,14,0,0,0,0,0,0,0,0,0,0,0,0,0,0,0,17,0,0,0,0,0,0,0,0,0,0,0,0,0,0,0,0,0,0,0,0,0,0,0,0,0,0,0,0,19,0,0,0,0,0,0,0,0,0,0,0,0,0,0,0,0,0,0,0,0,0,0,0,0,0,0,0,0,0,0,0,0,0,0,0,0,0,29,0,0,0,0,0,0,0,0,0,0,0,0,0,0,0,0,9,0,0,0,0,0,0,0,0,0,0,0,0,0,0,0,0,0,0,0,0,0,0,0,0,0,0,0,0,0,0,0,0,0,0,0,0,0,0,0,0,0,0,0,0,0,0,0,0,0,0,0,0,19,0,0,0,0,0,0,0,0,0,0,0,0,0,0,0,0,0,0,5,0,0,0,0,0,0,0,0,0,0,0,0,0,0,0,0,0,0,0,0,0,0,0,0,1,0,0,0,0,0,0,0,89,0,0,0,0,0,0,0,0,0,0,0,0,0,0,0,0,7,0,18,0,0,0,0,0,0,21,0,0,1,0,0,0,0,0,0,0,0,16,0,7,12,26,0,3,4,8,32,3,135,3,6,6,24,0,0,0,0,0,0,0,0,0,0,0,0
2025-08-25 23:00:00+00:00,3,12,0,4,0,0,0,0,0,0,0,0,0,0,0,0,0,0,0,0,0,0,0,0,0,0,0,0,0,0,0,0,0,0,0,0,0,0,0,0,0,0,0,0,0,0,0,0,0,0,0,0,0,0,0,0,0,0,0,0,0,0,0,0,0,0,0,0,0,0,0,0,0,0,0,0,0,0,0,0,0,0,0,0,0,0,0,0,0,12,0,0,0,0,18,1,0,3,6,16,13,28,12,19,25,34,56,0,0,0,0,0,0,0,15,0,0,0,0,22,0,0,0,0,0,0,0,0,0,0,0,5,0,0,0,0,12,0,0,0,0,0,0,0,0,0,0,0,0,0,0,0,0,0,0,0,0,0,0,0,0,0,0,0,0,0,0,0,0,0,0,0,0,0,0,0,0,0,0,0,0,0,0,0,0,0,0,0,0,0,0,0,0,0,0,0,18,0,0,0,0,0,0,0,0,0,0,0,0,0,0,0,0,0,0,0,0,0,0,0,0,0,0,0,0,0,0,0,0,0,0,0,0,0,0,0,0,0,0,0,0,0,0,0,0,0,0,0,0,0,0,0,0,0,0,0,0,0,0,36,0,0,0,0,0,13,0,0,0,0,0,0,0,0,0,0,0,0,0,0,0,20,0,0,0,0,0,0,0,0,0,0,0,0,0,0,0,0,0,0,0,0,0,0,0,0,0,0,0,0,0,0,0,0,0,0,64,0,0,0,0,0,0,0,0,0,0,0,0,0,0,0,0,0,0,0,0,0,0,0,0,0,0,0,0,0,0,0,0,0,0,0,0,0,0,0,0,0,0,0,0,0,0,0,0,0,0,0,0,0,0,0,0,0,0,0,0,0,0,0,0,0,0,0,0,0,0,0,0,0,0,0,0,0,0,0,0,0,0,0,0,0,0,0,0,0,0,0,0,0,0,0,0,0,0,0,0,0,0,0,0,0,0,0,0,0,0,0,0,0,0,0,0,0,0,0,0,6,0,0,0,0,0,0,0,0,0,0,0,0,0,0,0,0,0,14,0,0,0,0,0,0,1,0,0,0,0,0,0,0,80,0,0,0,0,0,0,0,0,0,0,0,0,0,0,0,0,5,0,0,0,0,0,0,0,0,26,0,0,2,0,0,0,0,0,0,0,0,22,0,8,14,0,0,2,0,10,69,4,250,0,0,21,86,5,8,3,17,8,5,6,10,4,28,31,12
